"['atom A', 'A no.', 'B no.', 'Distance (A)']"
"['Bi', 69, 'Bi', 69, 0.0]"
"['Bi', 69, 'Bi', 80, 3.745]"
"['Bi', 69, 'Ti', 148, 2.904]"
"['Bi', 69, 'Ti', 149, 3.62]"
"['Bi', 69, 'O', 262, 2.356]"
"['Bi', 69, 'O', 317, 4.451]"
"['Bi', 69, 'O', 318, 2.225]"
"['Bi', 69, 'O', 319, 4.547]"
"['Bi', 69, 'O', 320, 2.306]"
"['Bi', 69, 'O', 322, 4.488]"
"['Bi', 69, 'O', 323, 4.674]"
"['Bi', 69, 'O', 393, 4.529]"
"['Bi', 69, 'O', 396, 4.841]"
"['Bi', 70, 'Pb', 10, 4.84]"
"['Bi', 70, 'Na', 23, 3.75]"
"['Bi', 70, 'Bi', 70, 0.0]"
"['Bi', 70, 'Bi', 119, 3.596]"
"['Bi', 70, 'Ti', 249, 2.905]"
"['Bi', 70, 'Ti', 250, 3.304]"
"['Bi', 70, 'O', 321, 2.326]"
"['Bi', 70, 'O', 324, 2.448]"
"['Bi', 70, 'O', 611, 4.582]"
"['Bi', 70, 'O', 620, 4.366]"
"['Bi', 70, 'O', 621, 4.382]"
"['Bi', 70, 'O', 622, 4.346]"
"['Bi', 70, 'O', 623, 2.301]"
"['Bi', 70, 'O', 624, 4.492]"
"['Bi', 70, 'O', 625, 4.366]"
"['Bi', 71, 'Na', 14, 3.681]"
"['Bi', 71, 'Na', 15, 4.118]"
"['Bi', 71, 'Bi', 71, 0.0]"
"['Bi', 71, 'Bi', 120, 3.638]"
"['Bi', 71, 'Ti', 226, 3.347]"
"['Bi', 71, 'Ti', 231, 3.793]"
"['Bi', 71, 'O', 252, 2.421]"
"['Bi', 71, 'O', 267, 3.052]"
"['Bi', 71, 'O', 552, 4.577]"
"['Bi', 71, 'O', 553, 4.688]"
"['Bi', 71, 'O', 554, 4.53]"
"['Bi', 71, 'O', 566, 2.695]"
"['Bi', 71, 'O', 568, 3.084]"
"['Bi', 71, 'O', 569, 4.655]"
"['Bi', 71, 'O', 583, 4.386]"
"['Bi', 72, 'Na', 14, 3.875]"
"['Bi', 72, 'Na', 16, 3.802]"
"['Bi', 72, 'Bi', 72, 0.0]"
"['Bi', 72, 'Bi', 73, 4.091]"
"['Bi', 72, 'Bi', 122, 3.651]"
"['Bi', 72, 'Ti', 227, 3.215]"
"['Bi', 72, 'Ti', 228, 3.501]"
"['Bi', 72, 'Ti', 232, 3.255]"
"['Bi', 72, 'Ti', 233, 3.448]"
"['Bi', 72, 'O', 255, 2.223]"
"['Bi', 72, 'O', 258, 2.719]"
"['Bi', 72, 'O', 270, 2.347]"
"['Bi', 72, 'O', 273, 2.993]"
"['Bi', 72, 'O', 554, 4.252]"
"['Bi', 72, 'O', 555, 4.56]"
"['Bi', 72, 'O', 556, 4.303]"
"['Bi', 72, 'O', 557, 2.406]"
"['Bi', 72, 'O', 560, 4.425]"
"['Bi', 72, 'O', 569, 4.229]"
"['Bi', 72, 'O', 570, 4.323]"
"['Bi', 72, 'O', 571, 2.574]"
"['Bi', 72, 'O', 572, 2.447]"
"['Bi', 72, 'O', 573, 4.936]"
"['Bi', 72, 'O', 574, 2.96]"
"['Bi', 72, 'O', 575, 4.569]"
"['Bi', 72, 'O', 586, 4.722]"
"['Bi', 72, 'O', 589, 4.888]"
"['Bi', 73, 'Na', 17, 4.189]"
"['Bi', 73, 'Bi', 72, 4.091]"
"['Bi', 73, 'Bi', 73, 0.0]"
"['Bi', 73, 'Bi', 123, 3.904]"
"['Bi', 73, 'Ti', 228, 3.625]"
"['Bi', 73, 'Ti', 229, 3.213]"
"['Bi', 73, 'Ti', 233, 3.634]"
"['Bi', 73, 'Ti', 234, 3.562]"
"['Bi', 73, 'O', 258, 2.836]"
"['Bi', 73, 'O', 261, 3.131]"
"['Bi', 73, 'O', 273, 2.546]"
"['Bi', 73, 'O', 276, 3.188]"
"['Bi', 73, 'O', 557, 4.333]"
"['Bi', 73, 'O', 558, 4.584]"
"['Bi', 73, 'O', 560, 2.043]"
"['Bi', 73, 'O', 561, 4.462]"
"['Bi', 73, 'O', 562, 4.603]"
"['Bi', 73, 'O', 563, 4.635]"
"['Bi', 73, 'O', 572, 4.626]"
"['Bi', 73, 'O', 573, 4.926]"
"['Bi', 73, 'O', 574, 2.344]"
"['Bi', 73, 'O', 575, 2.43]"
"['Bi', 73, 'O', 576, 4.937]"
"['Bi', 73, 'O', 577, 2.429]"
"['Bi', 73, 'O', 578, 4.921]"
"['Bi', 73, 'O', 589, 4.945]"
"['Bi', 73, 'O', 592, 4.631]"
"['Bi', 74, 'Bi', 74, 0.0]"
"['Bi', 74, 'Bi', 76, 4.289]"
"['Bi', 74, 'Bi', 84, 4.075]"
"['Bi', 74, 'Ti', 129, 3.524]"
"['Bi', 74, 'Ti', 130, 3.524]"
"['Bi', 74, 'Ti', 134, 3.35]"
"['Bi', 74, 'Ti', 135, 3.719]"
"['Bi', 74, 'O', 263, 2.367]"
"['Bi', 74, 'O', 275, 4.468]"
"['Bi', 74, 'O', 277, 2.427]"
"['Bi', 74, 'O', 278, 3.197]"
"['Bi', 74, 'O', 279, 3.192]"
"['Bi', 74, 'O', 280, 2.884]"
"['Bi', 74, 'O', 292, 4.614]"
"['Bi', 74, 'O', 336, 4.367]"
"['Bi', 74, 'O', 339, 4.381]"
"['Bi', 74, 'O', 351, 4.826]"
"['Bi', 74, 'O', 354, 4.866]"
"['Bi', 75, 'Na', 14, 3.93]"
"['Bi', 75, 'Na', 15, 3.531]"
"['Bi', 75, 'Na', 16, 3.928]"
"['Bi', 75, 'Na', 18, 4.245]"
"['Bi', 75, 'Na', 60, 3.712]"
"['Bi', 75, 'Bi', 75, 0.0]"
"['Bi', 75, 'Ti', 231, 3.365]"
"['Bi', 75, 'Ti', 232, 3.351]"
"['Bi', 75, 'Ti', 236, 3.271]"
"['Bi', 75, 'Ti', 237, 3.583]"
"['Bi', 75, 'O', 267, 2.468]"
"['Bi', 75, 'O', 270, 3.197]"
"['Bi', 75, 'O', 285, 3.191]"
"['Bi', 75, 'O', 566, 4.703]"
"['Bi', 75, 'O', 567, 4.726]"
"['Bi', 75, 'O', 568, 4.663]"
"['Bi', 75, 'O', 569, 3.181]"
"['Bi', 75, 'O', 571, 4.562]"
"['Bi', 75, 'O', 582, 4.678]"
"['Bi', 75, 'O', 583, 2.543]"
"['Bi', 75, 'O', 584, 2.762]"
"['Bi', 75, 'O', 585, 4.819]"
"['Bi', 75, 'O', 586, 3.191]"
"['Bi', 75, 'O', 598, 4.725]"
"['Bi', 76, 'Na', 32, 4.994]"
"['Bi', 76, 'Bi', 74, 4.289]"
"['Bi', 76, 'Bi', 76, 0.0]"
"['Bi', 76, 'Bi', 88, 4.055]"
"['Bi', 76, 'Ti', 134, 3.559]"
"['Bi', 76, 'Ti', 135, 3.792]"
"['Bi', 76, 'Ti', 139, 3.291]"
"['Bi', 76, 'Ti', 140, 3.378]"
"['Bi', 76, 'O', 275, 4.767]"
"['Bi', 76, 'O', 277, 4.989]"
"['Bi', 76, 'O', 278, 3.192]"
"['Bi', 76, 'O', 279, 2.69]"
"['Bi', 76, 'O', 290, 4.435]"
"['Bi', 76, 'O', 292, 2.699]"
"['Bi', 76, 'O', 293, 2.25]"
"['Bi', 76, 'O', 295, 3.192]"
"['Bi', 76, 'O', 307, 4.322]"
"['Bi', 76, 'O', 310, 4.487]"
"['Bi', 76, 'O', 354, 4.916]"
"['Bi', 76, 'O', 366, 4.513]"
"['Bi', 76, 'O', 369, 4.799]"
"['Bi', 77, 'Na', 20, 3.732]"
"['Bi', 77, 'Na', 23, 4.967]"
"['Bi', 77, 'Bi', 77, 0.0]"
"['Bi', 77, 'Ti', 240, 3.266]"
"['Bi', 77, 'Ti', 245, 3.272]"
"['Bi', 77, 'O', 294, 2.94]"
"['Bi', 77, 'O', 581, 2.715]"
"['Bi', 77, 'O', 593, 4.366]"
"['Bi', 77, 'O', 595, 4.649]"
"['Bi', 77, 'O', 596, 3.032]"
"['Bi', 77, 'O', 608, 4.603]"
"['Bi', 77, 'O', 609, 4.995]"
"['Bi', 77, 'O', 610, 2.88]"
"['Bi', 77, 'O', 625, 4.765]"
"['Bi', 78, 'Na', 17, 4.061]"
"['Bi', 78, 'Na', 20, 3.807]"
"['Bi', 78, 'Na', 65, 4.143]"
"['Bi', 78, 'Bi', 78, 0.0]"
"['Bi', 78, 'Ti', 238, 3.643]"
"['Bi', 78, 'Ti', 239, 3.574]"
"['Bi', 78, 'Ti', 243, 3.466]"
"['Bi', 78, 'Ti', 244, 3.503]"
"['Bi', 78, 'O', 288, 3.165]"
"['Bi', 78, 'O', 291, 3.175]"
"['Bi', 78, 'O', 303, 2.497]"
"['Bi', 78, 'O', 306, 2.664]"
"['Bi', 78, 'O', 587, 4.968]"
"['Bi', 78, 'O', 590, 3.151]"
"['Bi', 78, 'O', 593, 4.686]"
"['Bi', 78, 'O', 602, 4.979]"
"['Bi', 78, 'O', 604, 2.548]"
"['Bi', 78, 'O', 605, 3.108]"
"['Bi', 78, 'O', 606, 4.928]"
"['Bi', 78, 'O', 607, 3.149]"
"['Bi', 78, 'O', 608, 4.396]"
"['Bi', 78, 'O', 619, 4.501]"
"['Bi', 78, 'O', 622, 4.678]"
"['Bi', 79, 'Na', 19, 4.269]"
"['Bi', 79, 'Na', 34, 4.166]"
"['Bi', 79, 'Na', 35, 4.991]"
"['Bi', 79, 'Bi', 79, 0.0]"
"['Bi', 79, 'Bi', 80, 4.122]"
"['Bi', 79, 'Ti', 142, 3.398]"
"['Bi', 79, 'Ti', 143, 3.55]"
"['Bi', 79, 'Ti', 147, 3.121]"
"['Bi', 79, 'Ti', 148, 3.428]"
"['Bi', 79, 'O', 299, 4.972]"
"['Bi', 79, 'O', 301, 4.782]"
"['Bi', 79, 'O', 302, 3.168]"
"['Bi', 79, 'O', 305, 4.928]"
"['Bi', 79, 'O', 314, 4.507]"
"['Bi', 79, 'O', 316, 3.188]"
"['Bi', 79, 'O', 317, 2.028]"
"['Bi', 79, 'O', 318, 2.88]"
"['Bi', 79, 'O', 319, 2.874]"
"['Bi', 79, 'O', 320, 4.462]"
"['Bi', 79, 'O', 375, 5.0]"
"['Bi', 79, 'O', 378, 4.792]"
"['Bi', 79, 'O', 390, 4.627]"
"['Bi', 79, 'O', 393, 4.369]"
"['Bi', 80, 'Na', 35, 3.634]"
"['Bi', 80, 'Bi', 69, 3.745]"
"['Bi', 80, 'Bi', 79, 4.122]"
"['Bi', 80, 'Bi', 80, 0.0]"
"['Bi', 80, 'Ti', 143, 3.471]"
"['Bi', 80, 'Ti', 144, 3.464]"
"['Bi', 80, 'Ti', 148, 3.43]"
"['Bi', 80, 'Ti', 149, 3.299]"
"['Bi', 80, 'O', 262, 4.368]"
"['Bi', 80, 'O', 305, 2.724]"
"['Bi', 80, 'O', 307, 4.748]"
"['Bi', 80, 'O', 308, 4.696]"
"['Bi', 80, 'O', 317, 4.589]"
"['Bi', 80, 'O', 318, 2.996]"
"['Bi', 80, 'O', 319, 2.772]"
"['Bi', 80, 'O', 320, 2.405]"
"['Bi', 80, 'O', 322, 2.102]"
"['Bi', 80, 'O', 323, 4.342]"
"['Bi', 80, 'O', 378, 4.742]"
"['Bi', 80, 'O', 381, 4.477]"
"['Bi', 80, 'O', 393, 4.559]"
"['Bi', 80, 'O', 396, 4.52]"
"['Bi', 81, 'Na', 25, 3.802]"
"['Bi', 81, 'Na', 34, 3.76]"
"['Bi', 81, 'Bi', 81, 0.0]"
"['Bi', 81, 'Bi', 94, 4.079]"
"['Bi', 81, 'Ti', 147, 3.254]"
"['Bi', 81, 'Ti', 148, 3.393]"
"['Bi', 81, 'Ti', 172, 3.269]"
"['Bi', 81, 'Ti', 173, 3.654]"
"['Bi', 81, 'O', 314, 4.505]"
"['Bi', 81, 'O', 316, 4.623]"
"['Bi', 81, 'O', 317, 3.018]"
"['Bi', 81, 'O', 318, 4.555]"
"['Bi', 81, 'O', 319, 4.851]"
"['Bi', 81, 'O', 334, 3.174]"
"['Bi', 81, 'O', 389, 4.921]"
"['Bi', 81, 'O', 390, 2.388]"
"['Bi', 81, 'O', 391, 4.957]"
"['Bi', 81, 'O', 392, 3.131]"
"['Bi', 81, 'O', 393, 3.096]"
"['Bi', 81, 'O', 394, 4.741]"
"['Bi', 81, 'O', 465, 4.872]"
"['Bi', 81, 'O', 468, 4.597]"
"['Bi', 82, 'Na', 29, 4.212]"
"['Bi', 82, 'Bi', 82, 0.0]"
"['Bi', 82, 'Ti', 128, 3.454]"
"['Bi', 82, 'Ti', 129, 3.331]"
"['Bi', 82, 'Ti', 153, 3.192]"
"['Bi', 82, 'Ti', 154, 3.414]"
"['Bi', 82, 'O', 257, 4.345]"
"['Bi', 82, 'O', 259, 3.02]"
"['Bi', 82, 'O', 260, 2.417]"
"['Bi', 82, 'O', 274, 4.633]"
"['Bi', 82, 'O', 277, 4.962]"
"['Bi', 82, 'O', 332, 4.621]"
"['Bi', 82, 'O', 333, 2.409]"
"['Bi', 82, 'O', 335, 3.198]"
"['Bi', 82, 'O', 336, 3.079]"
"['Bi', 82, 'O', 337, 3.102]"
"['Bi', 82, 'O', 338, 4.654]"
"['Bi', 82, 'O', 349, 4.488]"
"['Bi', 82, 'O', 352, 4.824]"
"['Bi', 82, 'O', 408, 4.686]"
"['Bi', 82, 'O', 411, 4.822]"
"['Bi', 83, 'Na', 27, 3.828]"
"['Bi', 83, 'Na', 28, 3.841]"
"['Bi', 83, 'Na', 30, 4.208]"
"['Bi', 83, 'Bi', 83, 0.0]"
"['Bi', 83, 'Bi', 95, 4.289]"
"['Bi', 83, 'Ti', 126, 3.192]"
"['Bi', 83, 'Ti', 127, 3.325]"
"['Bi', 83, 'Ti', 131, 3.239]"
"['Bi', 83, 'Ti', 132, 3.291]"
"['Bi', 83, 'Ti', 151, 3.444]"
"['Bi', 83, 'Ti', 152, 3.465]"
"['Bi', 83, 'Ti', 156, 3.572]"
"['Bi', 83, 'Ti', 157, 3.797]"
"['Bi', 83, 'O', 251, 4.45]"
"['Bi', 83, 'O', 253, 4.408]"
"['Bi', 83, 'O', 254, 2.532]"
"['Bi', 83, 'O', 256, 4.804]"
"['Bi', 83, 'O', 257, 4.855]"
"['Bi', 83, 'O', 266, 4.67]"
"['Bi', 83, 'O', 268, 2.481]"
"['Bi', 83, 'O', 269, 2.306]"
"['Bi', 83, 'O', 271, 2.405]"
"['Bi', 83, 'O', 272, 4.8]"
"['Bi', 83, 'O', 283, 4.744]"
"['Bi', 83, 'O', 286, 4.508]"
"['Bi', 83, 'O', 327, 2.452]"
"['Bi', 83, 'O', 328, 4.781]"
"['Bi', 83, 'O', 329, 3.145]"
"['Bi', 83, 'O', 330, 2.41]"
"['Bi', 83, 'O', 331, 4.723]"
"['Bi', 83, 'O', 342, 2.528]"
"['Bi', 83, 'O', 343, 3.188]"
"['Bi', 83, 'O', 344, 3.186]"
"['Bi', 83, 'O', 345, 3.003]"
"['Bi', 83, 'O', 346, 3.197]"
"['Bi', 83, 'O', 402, 4.808]"
"['Bi', 83, 'O', 405, 4.819]"
"['Bi', 84, 'Pb', 2, 3.705]"
"['Bi', 84, 'Na', 29, 4.0]"
"['Bi', 84, 'Na', 38, 4.969]"
"['Bi', 84, 'Bi', 74, 4.075]"
"['Bi', 84, 'Bi', 84, 0.0]"
"['Bi', 84, 'Bi', 88, 4.026]"
"['Bi', 84, 'Ti', 129, 3.723]"
"['Bi', 84, 'Ti', 130, 3.789]"
"['Bi', 84, 'Ti', 134, 3.408]"
"['Bi', 84, 'Ti', 135, 3.501]"
"['Bi', 84, 'Ti', 154, 3.213]"
"['Bi', 84, 'Ti', 155, 3.093]"
"['Bi', 84, 'Ti', 159, 3.627]"
"['Bi', 84, 'Ti', 160, 3.641]"
"['Bi', 84, 'O', 263, 3.196]"
"['Bi', 84, 'O', 275, 4.543]"
"['Bi', 84, 'O', 277, 3.18]"
"['Bi', 84, 'O', 278, 2.706]"
"['Bi', 84, 'O', 280, 3.172]"
"['Bi', 84, 'O', 292, 4.652]"
"['Bi', 84, 'O', 326, 4.51]"
"['Bi', 84, 'O', 335, 4.503]"
"['Bi', 84, 'O', 336, 2.695]"
"['Bi', 84, 'O', 337, 4.602]"
"['Bi', 84, 'O', 338, 2.272]"
"['Bi', 84, 'O', 339, 2.545]"
"['Bi', 84, 'O', 340, 4.685]"
"['Bi', 84, 'O', 341, 4.347]"
"['Bi', 84, 'O', 350, 4.488]"
"['Bi', 84, 'O', 351, 2.469]"
"['Bi', 84, 'O', 352, 2.866]"
"['Bi', 84, 'O', 353, 3.186]"
"['Bi', 84, 'O', 354, 2.678]"
"['Bi', 84, 'O', 355, 2.425]"
"['Bi', 84, 'O', 367, 4.848]"
"['Bi', 84, 'O', 411, 4.747]"
"['Bi', 84, 'O', 414, 4.33]"
"['Bi', 84, 'O', 426, 4.626]"
"['Bi', 85, 'Na', 27, 3.749]"
"['Bi', 85, 'Na', 30, 4.084]"
"['Bi', 85, 'Bi', 85, 0.0]"
"['Bi', 85, 'Ti', 131, 3.734]"
"['Bi', 85, 'Ti', 136, 3.722]"
"['Bi', 85, 'Ti', 156, 3.293]"
"['Bi', 85, 'Ti', 161, 3.27]"
"['Bi', 85, 'O', 266, 2.645]"
"['Bi', 85, 'O', 281, 3.194]"
"['Bi', 85, 'O', 282, 4.603]"
"['Bi', 85, 'O', 283, 3.198]"
"['Bi', 85, 'O', 298, 4.867]"
"['Bi', 85, 'O', 342, 3.193]"
"['Bi', 85, 'O', 344, 4.505]"
"['Bi', 85, 'O', 357, 2.586]"
"['Bi', 85, 'O', 358, 2.513]"
"['Bi', 85, 'O', 359, 4.772]"
"['Bi', 85, 'O', 373, 4.628]"
"['Bi', 85, 'O', 417, 4.623]"
"['Bi', 85, 'O', 432, 4.563]"
"['Bi', 86, 'Na', 28, 3.719]"
"['Bi', 86, 'Na', 30, 3.993]"
"['Bi', 86, 'Na', 40, 3.812]"
"['Bi', 86, 'Bi', 86, 0.0]"
"['Bi', 86, 'Bi', 87, 3.62]"
"['Bi', 86, 'Bi', 90, 4.286]"
"['Bi', 86, 'Ti', 132, 3.333]"
"['Bi', 86, 'Ti', 133, 3.424]"
"['Bi', 86, 'Ti', 137, 3.475]"
"['Bi', 86, 'Ti', 138, 3.356]"
"['Bi', 86, 'Ti', 157, 3.541]"
"['Bi', 86, 'Ti', 158, 3.502]"
"['Bi', 86, 'Ti', 162, 3.691]"
"['Bi', 86, 'Ti', 163, 3.278]"
"['Bi', 86, 'O', 269, 4.569]"
"['Bi', 86, 'O', 271, 4.831]"
"['Bi', 86, 'O', 272, 3.015]"
"['Bi', 86, 'O', 274, 4.436]"
"['Bi', 86, 'O', 275, 4.948]"
"['Bi', 86, 'O', 284, 4.708]"
"['Bi', 86, 'O', 286, 3.165]"
"['Bi', 86, 'O', 287, 2.596]"
"['Bi', 86, 'O', 289, 3.127]"
"['Bi', 86, 'O', 290, 4.748]"
"['Bi', 86, 'O', 304, 4.5]"
"['Bi', 86, 'O', 344, 4.953]"
"['Bi', 86, 'O', 345, 2.737]"
"['Bi', 86, 'O', 346, 4.909]"
"['Bi', 86, 'O', 347, 3.173]"
"['Bi', 86, 'O', 348, 2.621]"
"['Bi', 86, 'O', 349, 4.714]"
"['Bi', 86, 'O', 350, 4.778]"
"['Bi', 86, 'O', 360, 3.199]"
"['Bi', 86, 'O', 361, 3.196]"
"['Bi', 86, 'O', 362, 3.109]"
"['Bi', 86, 'O', 363, 2.287]"
"['Bi', 86, 'O', 364, 2.439]"
"['Bi', 86, 'O', 365, 4.339]"
"['Bi', 86, 'O', 379, 4.339]"
"['Bi', 86, 'O', 423, 4.806]"
"['Bi', 86, 'O', 435, 4.582]"
"['Bi', 86, 'O', 438, 4.45]"
"['Bi', 87, 'Na', 29, 3.64]"
"['Bi', 87, 'Bi', 86, 3.62]"
"['Bi', 87, 'Bi', 87, 0.0]"
"['Bi', 87, 'Bi', 88, 3.853]"
"['Bi', 87, 'Bi', 91, 3.871]"
"['Bi', 87, 'Bi', 99, 3.833]"
"['Bi', 87, 'Ti', 133, 3.604]"
"['Bi', 87, 'Ti', 134, 3.71]"
"['Bi', 87, 'Ti', 138, 3.352]"
"['Bi', 87, 'Ti', 139, 3.608]"
"['Bi', 87, 'Ti', 158, 3.221]"
"['Bi', 87, 'Ti', 159, 3.38]"
"['Bi', 87, 'Ti', 163, 3.388]"
"['Bi', 87, 'Ti', 164, 3.301]"
"['Bi', 87, 'O', 272, 4.868]"
"['Bi', 87, 'O', 274, 4.868]"
"['Bi', 87, 'O', 275, 3.158]"
"['Bi', 87, 'O', 278, 4.884]"
"['Bi', 87, 'O', 287, 4.458]"
"['Bi', 87, 'O', 289, 3.191]"
"['Bi', 87, 'O', 290, 2.816]"
"['Bi', 87, 'O', 292, 3.194]"
"['Bi', 87, 'O', 304, 4.529]"
"['Bi', 87, 'O', 307, 4.915]"
"['Bi', 87, 'O', 347, 4.861]"
"['Bi', 87, 'O', 348, 2.698]"
"['Bi', 87, 'O', 349, 4.409]"
"['Bi', 87, 'O', 350, 2.756]"
"['Bi', 87, 'O', 351, 3.182]"
"['Bi', 87, 'O', 352, 4.336]"
"['Bi', 87, 'O', 353, 4.929]"
"['Bi', 87, 'O', 362, 4.942]"
"['Bi', 87, 'O', 363, 2.48]"
"['Bi', 87, 'O', 364, 2.261]"
"['Bi', 87, 'O', 365, 2.25]"
"['Bi', 87, 'O', 366, 3.198]"
"['Bi', 87, 'O', 367, 2.747]"
"['Bi', 87, 'O', 368, 4.47]"
"['Bi', 87, 'O', 379, 4.322]"
"['Bi', 87, 'O', 382, 4.222]"
"['Bi', 87, 'O', 423, 4.34]"
"['Bi', 87, 'O', 426, 4.979]"
"['Bi', 87, 'O', 438, 4.268]"
"['Bi', 87, 'O', 441, 4.261]"
"['Bi', 88, 'Na', 32, 3.6]"
"['Bi', 88, 'Na', 41, 3.834]"
"['Bi', 88, 'Bi', 76, 4.055]"
"['Bi', 88, 'Bi', 84, 4.026]"
"['Bi', 88, 'Bi', 87, 3.853]"
"['Bi', 88, 'Bi', 88, 0.0]"
"['Bi', 88, 'Ti', 134, 3.39]"
"['Bi', 88, 'Ti', 135, 3.593]"
"['Bi', 88, 'Ti', 139, 3.11]"
"['Bi', 88, 'Ti', 140, 3.796]"
"['Bi', 88, 'Ti', 159, 3.272]"
"['Bi', 88, 'Ti', 160, 3.351]"
"['Bi', 88, 'Ti', 164, 3.322]"
"['Bi', 88, 'Ti', 165, 3.078]"
"['Bi', 88, 'O', 275, 4.589]"
"['Bi', 88, 'O', 278, 2.572]"
"['Bi', 88, 'O', 279, 4.825]"
"['Bi', 88, 'O', 290, 4.398]"
"['Bi', 88, 'O', 292, 2.658]"
"['Bi', 88, 'O', 293, 3.058]"
"['Bi', 88, 'O', 295, 3.193]"
"['Bi', 88, 'O', 307, 4.786]"
"['Bi', 88, 'O', 341, 4.804]"
"['Bi', 88, 'O', 350, 4.622]"
"['Bi', 88, 'O', 351, 3.039]"
"['Bi', 88, 'O', 352, 4.7]"
"['Bi', 88, 'O', 353, 3.163]"
"['Bi', 88, 'O', 354, 2.778]"
"['Bi', 88, 'O', 355, 4.428]"
"['Bi', 88, 'O', 365, 4.528]"
"['Bi', 88, 'O', 366, 2.183]"
"['Bi', 88, 'O', 367, 2.81]"
"['Bi', 88, 'O', 368, 2.144]"
"['Bi', 88, 'O', 369, 3.184]"
"['Bi', 88, 'O', 370, 3.167]"
"['Bi', 88, 'O', 382, 4.466]"
"['Bi', 88, 'O', 385, 4.665]"
"['Bi', 88, 'O', 426, 4.823]"
"['Bi', 88, 'O', 429, 4.786]"
"['Bi', 88, 'O', 441, 4.365]"
"['Bi', 88, 'O', 444, 4.505]"
"['Bi', 89, 'Na', 32, 3.858]"
"['Bi', 89, 'Bi', 89, 0.0]"
"['Bi', 89, 'Bi', 100, 3.871]"
"['Bi', 89, 'Ti', 140, 3.414]"
"['Bi', 89, 'Ti', 145, 3.33]"
"['Bi', 89, 'Ti', 165, 3.375]"
"['Bi', 89, 'Ti', 170, 3.302]"
"['Bi', 89, 'O', 293, 4.867]"
"['Bi', 89, 'O', 295, 4.55]"
"['Bi', 89, 'O', 308, 4.674]"
"['Bi', 89, 'O', 309, 4.54]"
"['Bi', 89, 'O', 310, 2.908]"
"['Bi', 89, 'O', 325, 4.485]"
"['Bi', 89, 'O', 356, 2.5]"
"['Bi', 89, 'O', 368, 4.803]"
"['Bi', 89, 'O', 369, 2.652]"
"['Bi', 89, 'O', 370, 4.939]"
"['Bi', 89, 'O', 371, 2.207]"
"['Bi', 89, 'O', 383, 4.71]"
"['Bi', 89, 'O', 384, 2.389]"
"['Bi', 89, 'O', 385, 2.262]"
"['Bi', 89, 'O', 400, 4.688]"
"['Bi', 89, 'O', 444, 4.408]"
"['Bi', 89, 'O', 459, 4.421]"
"['Bi', 90, 'Na', 19, 3.911]"
"['Bi', 90, 'Na', 31, 3.869]"
"['Bi', 90, 'Na', 34, 3.933]"
"['Bi', 90, 'Na', 42, 4.021]"
"['Bi', 90, 'Bi', 86, 4.286]"
"['Bi', 90, 'Bi', 90, 0.0]"
"['Bi', 90, 'Bi', 91, 3.857]"
"['Bi', 90, 'Ti', 137, 3.707]"
"['Bi', 90, 'Ti', 138, 3.772]"
"['Bi', 90, 'Ti', 142, 3.222]"
"['Bi', 90, 'Ti', 143, 3.318]"
"['Bi', 90, 'Ti', 162, 3.295]"
"['Bi', 90, 'Ti', 163, 3.618]"
"['Bi', 90, 'Ti', 167, 3.77]"
"['Bi', 90, 'Ti', 168, 2.903]"
"['Bi', 90, 'O', 284, 4.449]"
"['Bi', 90, 'O', 287, 3.112]"
"['Bi', 90, 'O', 299, 4.684]"
"['Bi', 90, 'O', 301, 2.988]"
"['Bi', 90, 'O', 302, 2.344]"
"['Bi', 90, 'O', 304, 2.485]"
"['Bi', 90, 'O', 305, 4.903]"
"['Bi', 90, 'O', 316, 4.639]"
"['Bi', 90, 'O', 319, 4.668]"
"['Bi', 90, 'O', 360, 3.198]"
"['Bi', 90, 'O', 362, 3.178]"
"['Bi', 90, 'O', 363, 3.195]"
"['Bi', 90, 'O', 364, 4.904]"
"['Bi', 90, 'O', 365, 4.539]"
"['Bi', 90, 'O', 374, 4.918]"
"['Bi', 90, 'O', 375, 2.404]"
"['Bi', 90, 'O', 376, 3.186]"
"['Bi', 90, 'O', 377, 2.444]"
"['Bi', 90, 'O', 378, 2.647]"
"['Bi', 90, 'O', 379, 2.413]"
"['Bi', 90, 'O', 380, 4.276]"
"['Bi', 90, 'O', 391, 4.909]"
"['Bi', 90, 'O', 394, 4.325]"
"['Bi', 90, 'O', 435, 4.674]"
"['Bi', 90, 'O', 453, 4.276]"
"['Bi', 91, 'Na', 32, 4.008]"
"['Bi', 91, 'Na', 35, 3.846]"
"['Bi', 91, 'Na', 43, 3.509]"
"['Bi', 91, 'Bi', 87, 3.871]"
"['Bi', 91, 'Bi', 90, 3.857]"
"['Bi', 91, 'Bi', 91, 0.0]"
"['Bi', 91, 'Ti', 138, 3.616]"
"['Bi', 91, 'Ti', 139, 3.508]"
"['Bi', 91, 'Ti', 143, 3.478]"
"['Bi', 91, 'Ti', 144, 3.773]"
"['Bi', 91, 'Ti', 163, 3.662]"
"['Bi', 91, 'Ti', 164, 3.217]"
"['Bi', 91, 'Ti', 168, 3.411]"
"['Bi', 91, 'Ti', 169, 2.902]"
"['Bi', 91, 'O', 287, 4.747]"
"['Bi', 91, 'O', 290, 3.168]"
"['Bi', 91, 'O', 302, 4.806]"
"['Bi', 91, 'O', 304, 2.662]"
"['Bi', 91, 'O', 305, 3.193]"
"['Bi', 91, 'O', 307, 3.195]"
"['Bi', 91, 'O', 308, 4.9]"
"['Bi', 91, 'O', 319, 4.79]"
"['Bi', 91, 'O', 363, 3.187]"
"['Bi', 91, 'O', 364, 4.589]"
"['Bi', 91, 'O', 365, 2.342]"
"['Bi', 91, 'O', 366, 3.196]"
"['Bi', 91, 'O', 367, 4.738]"
"['Bi', 91, 'O', 368, 4.558]"
"['Bi', 91, 'O', 377, 4.866]"
"['Bi', 91, 'O', 378, 2.641]"
"['Bi', 91, 'O', 379, 2.577]"
"['Bi', 91, 'O', 380, 2.216]"
"['Bi', 91, 'O', 381, 2.576]"
"['Bi', 91, 'O', 382, 2.058]"
"['Bi', 91, 'O', 383, 4.544]"
"['Bi', 91, 'O', 394, 4.66]"
"['Bi', 91, 'O', 397, 4.448]"
"['Bi', 91, 'O', 438, 4.799]"
"['Bi', 91, 'O', 441, 4.649]"
"['Bi', 91, 'O', 453, 4.487]"
"['Bi', 91, 'O', 456, 4.289]"
"['Bi', 92, 'Na', 25, 3.608]"
"['Bi', 92, 'Na', 31, 3.885]"
"['Bi', 92, 'Na', 33, 3.612]"
"['Bi', 92, 'Na', 34, 4.285]"
"['Bi', 92, 'Na', 44, 4.186]"
"['Bi', 92, 'Bi', 92, 0.0]"
"['Bi', 92, 'Ti', 141, 3.359]"
"['Bi', 92, 'Ti', 142, 3.356]"
"['Bi', 92, 'Ti', 146, 3.462]"
"['Bi', 92, 'Ti', 147, 3.437]"
"['Bi', 92, 'Ti', 166, 3.345]"
"['Bi', 92, 'Ti', 167, 3.433]"
"['Bi', 92, 'Ti', 171, 3.416]"
"['Bi', 92, 'Ti', 172, 3.581]"
"['Bi', 92, 'O', 296, 4.251]"
"['Bi', 92, 'O', 298, 4.589]"
"['Bi', 92, 'O', 299, 2.389]"
"['Bi', 92, 'O', 302, 4.728]"
"['Bi', 92, 'O', 311, 4.469]"
"['Bi', 92, 'O', 313, 2.816]"
"['Bi', 92, 'O', 314, 2.499]"
"['Bi', 92, 'O', 316, 2.269]"
"['Bi', 92, 'O', 372, 2.437]"
"['Bi', 92, 'O', 373, 4.56]"
"['Bi', 92, 'O', 374, 3.195]"
"['Bi', 92, 'O', 375, 3.193]"
"['Bi', 92, 'O', 376, 4.686]"
"['Bi', 92, 'O', 377, 4.746]"
"['Bi', 92, 'O', 386, 4.388]"
"['Bi', 92, 'O', 387, 2.687]"
"['Bi', 92, 'O', 388, 3.188]"
"['Bi', 92, 'O', 389, 3.195]"
"['Bi', 92, 'O', 390, 3.197]"
"['Bi', 92, 'O', 391, 3.187]"
"['Bi', 92, 'O', 447, 4.765]"
"['Bi', 93, 'Na', 44, 4.927]"
"['Bi', 93, 'Bi', 93, 0.0]"
"['Bi', 93, 'Ti', 171, 3.318]"
"['Bi', 93, 'Ti', 196, 3.295]"
"['Bi', 93, 'O', 386, 3.124]"
"['Bi', 93, 'O', 387, 4.71]"
"['Bi', 93, 'O', 388, 4.45]"
"['Bi', 93, 'O', 389, 4.532]"
"['Bi', 93, 'O', 461, 3.191]"
"['Bi', 93, 'O', 462, 2.191]"
"['Bi', 93, 'O', 463, 4.447]"
"['Bi', 93, 'O', 464, 4.406]"
"['Bi', 93, 'O', 537, 4.699]"
"['Bi', 94, 'Na', 34, 4.828]"
"['Bi', 94, 'Na', 37, 4.068]"
"['Bi', 94, 'Na', 45, 3.532]"
"['Bi', 94, 'Bi', 81, 4.079]"
"['Bi', 94, 'Bi', 94, 0.0]"
"['Bi', 94, 'Ti', 172, 3.116]"
"['Bi', 94, 'Ti', 173, 3.725]"
"['Bi', 94, 'Ti', 197, 3.265]"
"['Bi', 94, 'Ti', 198, 3.394]"
"['Bi', 94, 'O', 334, 3.156]"
"['Bi', 94, 'O', 389, 4.44]"
"['Bi', 94, 'O', 390, 4.343]"
"['Bi', 94, 'O', 391, 4.292]"
"['Bi', 94, 'O', 392, 2.173]"
"['Bi', 94, 'O', 393, 4.946]"
"['Bi', 94, 'O', 394, 4.705]"
"['Bi', 94, 'O', 395, 4.854]"
"['Bi', 94, 'O', 464, 4.567]"
"['Bi', 94, 'O', 465, 2.301]"
"['Bi', 94, 'O', 466, 4.738]"
"['Bi', 94, 'O', 467, 2.369]"
"['Bi', 94, 'O', 468, 2.365]"
"['Bi', 94, 'O', 469, 4.32]"
"['Bi', 94, 'O', 470, 4.847]"
"['Bi', 94, 'O', 540, 4.516]"
"['Bi', 94, 'O', 543, 4.688]"
"['Bi', 95, 'Pb', 1, 3.726]"
"['Bi', 95, 'Pb', 3, 4.107]"
"['Bi', 95, 'Bi', 83, 4.289]"
"['Bi', 95, 'Bi', 95, 0.0]"
"['Bi', 95, 'Bi', 96, 4.06]"
"['Bi', 95, 'Bi', 106, 4.065]"
"['Bi', 95, 'Ti', 151, 3.57]"
"['Bi', 95, 'Ti', 152, 3.571]"
"['Bi', 95, 'Ti', 156, 3.672]"
"['Bi', 95, 'Ti', 157, 3.41]"
"['Bi', 95, 'Ti', 176, 3.37]"
"['Bi', 95, 'Ti', 177, 3.359]"
"['Bi', 95, 'Ti', 181, 3.705]"
"['Bi', 95, 'Ti', 182, 3.689]"
"['Bi', 95, 'O', 327, 4.627]"
"['Bi', 95, 'O', 328, 4.484]"
"['Bi', 95, 'O', 329, 3.2]"
"['Bi', 95, 'O', 330, 4.587]"
"['Bi', 95, 'O', 331, 4.466]"
"['Bi', 95, 'O', 332, 4.729]"
"['Bi', 95, 'O', 342, 4.697]"
"['Bi', 95, 'O', 343, 2.532]"
"['Bi', 95, 'O', 344, 3.194]"
"['Bi', 95, 'O', 345, 4.708]"
"['Bi', 95, 'O', 346, 2.435]"
"['Bi', 95, 'O', 347, 4.65]"
"['Bi', 95, 'O', 361, 4.922]"
"['Bi', 95, 'O', 402, 2.384]"
"['Bi', 95, 'O', 403, 4.442]"
"['Bi', 95, 'O', 404, 2.471]"
"['Bi', 95, 'O', 405, 2.448]"
"['Bi', 95, 'O', 406, 4.369]"
"['Bi', 95, 'O', 407, 4.366]"
"['Bi', 95, 'O', 417, 3.197]"
"['Bi', 95, 'O', 418, 2.642]"
"['Bi', 95, 'O', 419, 3.184]"
"['Bi', 95, 'O', 420, 2.546]"
"['Bi', 95, 'O', 421, 2.489]"
"['Bi', 95, 'O', 422, 4.549]"
"['Bi', 95, 'O', 436, 4.355]"
"['Bi', 95, 'O', 477, 4.444]"
"['Bi', 95, 'O', 480, 4.574]"
"['Bi', 95, 'O', 492, 4.824]"
"['Bi', 95, 'O', 495, 4.891]"
"['Bi', 96, 'Na', 28, 3.921]"
"['Bi', 96, 'Na', 40, 3.9]"
"['Bi', 96, 'Bi', 95, 4.06]"
"['Bi', 96, 'Bi', 96, 0.0]"
"['Bi', 96, 'Bi', 97, 3.81]"
"['Bi', 96, 'Bi', 107, 4.126]"
"['Bi', 96, 'Ti', 152, 3.382]"
"['Bi', 96, 'Ti', 153, 3.37]"
"['Bi', 96, 'Ti', 157, 3.392]"
"['Bi', 96, 'Ti', 158, 3.273]"
"['Bi', 96, 'Ti', 177, 3.492]"
"['Bi', 96, 'Ti', 178, 3.253]"
"['Bi', 96, 'Ti', 182, 3.766]"
"['Bi', 96, 'Ti', 183, 3.151]"
"['Bi', 96, 'O', 330, 4.805]"
"['Bi', 96, 'O', 331, 4.632]"
"['Bi', 96, 'O', 332, 2.607]"
"['Bi', 96, 'O', 333, 4.669]"
"['Bi', 96, 'O', 335, 4.566]"
"['Bi', 96, 'O', 345, 4.438]"
"['Bi', 96, 'O', 346, 2.785]"
"['Bi', 96, 'O', 347, 2.306]"
"['Bi', 96, 'O', 348, 4.605]"
"['Bi', 96, 'O', 349, 3.102]"
"['Bi', 96, 'O', 350, 4.723]"
"['Bi', 96, 'O', 361, 4.948]"
"['Bi', 96, 'O', 364, 4.839]"
"['Bi', 96, 'O', 404, 4.908]"
"['Bi', 96, 'O', 405, 3.178]"
"['Bi', 96, 'O', 406, 4.523]"
"['Bi', 96, 'O', 407, 2.344]"
"['Bi', 96, 'O', 408, 2.958]"
"['Bi', 96, 'O', 409, 4.725]"
"['Bi', 96, 'O', 410, 4.347]"
"['Bi', 96, 'O', 420, 3.143]"
"['Bi', 96, 'O', 421, 3.193]"
"['Bi', 96, 'O', 422, 2.615]"
"['Bi', 96, 'O', 423, 3.132]"
"['Bi', 96, 'O', 424, 3.035]"
"['Bi', 96, 'O', 425, 4.317]"
"['Bi', 96, 'O', 436, 4.46]"
"['Bi', 96, 'O', 439, 4.64]"
"['Bi', 96, 'O', 480, 4.836]"
"['Bi', 96, 'O', 483, 4.562]"
"['Bi', 96, 'O', 495, 4.954]"
"['Bi', 96, 'O', 498, 4.459]"
"['Bi', 97, 'Pb', 2, 3.92]"
"['Bi', 97, 'Na', 29, 3.842]"
"['Bi', 97, 'Bi', 96, 3.81]"
"['Bi', 97, 'Bi', 97, 0.0]"
"['Bi', 97, 'Bi', 99, 3.99]"
"['Bi', 97, 'Bi', 108, 3.987]"
"['Bi', 97, 'Ti', 153, 3.378]"
"['Bi', 97, 'Ti', 154, 3.34]"
"['Bi', 97, 'Ti', 158, 2.913]"
"['Bi', 97, 'Ti', 159, 3.26]"
"['Bi', 97, 'Ti', 178, 3.584]"
"['Bi', 97, 'Ti', 179, 3.636]"
"['Bi', 97, 'Ti', 183, 3.73]"
"['Bi', 97, 'Ti', 184, 3.415]"
"['Bi', 97, 'O', 332, 4.598]"
"['Bi', 97, 'O', 333, 4.525]"
"['Bi', 97, 'O', 335, 2.233]"
"['Bi', 97, 'O', 336, 4.824]"
"['Bi', 97, 'O', 337, 4.803]"
"['Bi', 97, 'O', 338, 4.567]"
"['Bi', 97, 'O', 347, 4.439]"
"['Bi', 97, 'O', 348, 4.381]"
"['Bi', 97, 'O', 349, 2.398]"
"['Bi', 97, 'O', 350, 2.385]"
"['Bi', 97, 'O', 351, 4.197]"
"['Bi', 97, 'O', 352, 2.403]"
"['Bi', 97, 'O', 353, 4.404]"
"['Bi', 97, 'O', 364, 4.688]"
"['Bi', 97, 'O', 367, 4.469]"
"['Bi', 97, 'O', 407, 4.815]"
"['Bi', 97, 'O', 408, 2.784]"
"['Bi', 97, 'O', 409, 4.954]"
"['Bi', 97, 'O', 410, 2.657]"
"['Bi', 97, 'O', 411, 2.628]"
"['Bi', 97, 'O', 413, 4.619]"
"['Bi', 97, 'O', 422, 4.982]"
"['Bi', 97, 'O', 423, 2.656]"
"['Bi', 97, 'O', 424, 3.194]"
"['Bi', 97, 'O', 425, 2.679]"
"['Bi', 97, 'O', 426, 2.82]"
"['Bi', 97, 'O', 427, 3.116]"
"['Bi', 97, 'O', 439, 4.464]"
"['Bi', 97, 'O', 442, 4.386]"
"['Bi', 97, 'O', 498, 4.725]"
"['Bi', 97, 'O', 501, 4.619]"
"['Bi', 98, 'Na', 39, 3.859]"
"['Bi', 98, 'Na', 41, 3.607]"
"['Bi', 98, 'Bi', 98, 0.0]"
"['Bi', 98, 'Bi', 100, 3.774]"
"['Bi', 98, 'Bi', 109, 3.878]"
"['Bi', 98, 'Ti', 160, 2.9]"
"['Bi', 98, 'Ti', 165, 3.679]"
"['Bi', 98, 'Ti', 185, 3.563]"
"['Bi', 98, 'Ti', 190, 3.278]"
"['Bi', 98, 'O', 341, 3.119]"
"['Bi', 98, 'O', 353, 4.388]"
"['Bi', 98, 'O', 354, 4.633]"
"['Bi', 98, 'O', 355, 4.489]"
"['Bi', 98, 'O', 356, 3.192]"
"['Bi', 98, 'O', 368, 4.822]"
"['Bi', 98, 'O', 369, 4.615]"
"['Bi', 98, 'O', 370, 2.26]"
"['Bi', 98, 'O', 385, 4.688]"
"['Bi', 98, 'O', 416, 2.458]"
"['Bi', 98, 'O', 428, 4.75]"
"['Bi', 98, 'O', 429, 2.224]"
"['Bi', 98, 'O', 430, 4.547]"
"['Bi', 98, 'O', 443, 4.362]"
"['Bi', 98, 'O', 444, 2.418]"
"['Bi', 98, 'O', 445, 2.812]"
"['Bi', 98, 'O', 460, 4.527]"
"['Bi', 98, 'O', 519, 4.249]"
"['Bi', 99, 'Na', 40, 4.162]"
"['Bi', 99, 'Na', 41, 3.915]"
"['Bi', 99, 'Na', 43, 3.557]"
"['Bi', 99, 'Bi', 87, 3.833]"
"['Bi', 99, 'Bi', 97, 3.99]"
"['Bi', 99, 'Bi', 99, 0.0]"
"['Bi', 99, 'Bi', 112, 3.5]"
"['Bi', 99, 'Ti', 158, 3.398]"
"['Bi', 99, 'Ti', 159, 3.179]"
"['Bi', 99, 'Ti', 163, 3.419]"
"['Bi', 99, 'Ti', 164, 3.233]"
"['Bi', 99, 'Ti', 183, 3.437]"
"['Bi', 99, 'Ti', 184, 3.332]"
"['Bi', 99, 'Ti', 188, 3.245]"
"['Bi', 99, 'Ti', 189, 3.073]"
"['Bi', 99, 'O', 347, 4.828]"
"['Bi', 99, 'O', 348, 4.92]"
"['Bi', 99, 'O', 349, 4.909]"
"['Bi', 99, 'O', 350, 3.191]"
"['Bi', 99, 'O', 351, 4.985]"
"['Bi', 99, 'O', 352, 4.707]"
"['Bi', 99, 'O', 353, 4.457]"
"['Bi', 99, 'O', 363, 4.786]"
"['Bi', 99, 'O', 364, 3.185]"
"['Bi', 99, 'O', 365, 3.168]"
"['Bi', 99, 'O', 367, 2.587]"
"['Bi', 99, 'O', 368, 4.823]"
"['Bi', 99, 'O', 379, 4.787]"
"['Bi', 99, 'O', 382, 4.544]"
"['Bi', 99, 'O', 422, 4.977]"
"['Bi', 99, 'O', 423, 2.48]"
"['Bi', 99, 'O', 424, 4.882]"
"['Bi', 99, 'O', 425, 3.114]"
"['Bi', 99, 'O', 426, 3.101]"
"['Bi', 99, 'O', 427, 4.82]"
"['Bi', 99, 'O', 428, 4.505]"
"['Bi', 99, 'O', 437, 4.824]"
"['Bi', 99, 'O', 438, 2.497]"
"['Bi', 99, 'O', 439, 2.384]"
"['Bi', 99, 'O', 440, 2.488]"
"['Bi', 99, 'O', 441, 2.194]"
"['Bi', 99, 'O', 442, 2.227]"
"['Bi', 99, 'O', 443, 4.524]"
"['Bi', 99, 'O', 454, 4.534]"
"['Bi', 99, 'O', 457, 4.351]"
"['Bi', 99, 'O', 498, 4.885]"
"['Bi', 99, 'O', 501, 4.769]"
"['Bi', 99, 'O', 513, 4.282]"
"['Bi', 99, 'O', 516, 4.291]"
"['Bi', 100, 'Na', 41, 4.969]"
"['Bi', 100, 'Bi', 89, 3.871]"
"['Bi', 100, 'Bi', 98, 3.774]"
"['Bi', 100, 'Bi', 100, 0.0]"
"['Bi', 100, 'Bi', 102, 3.891]"
"['Bi', 100, 'Bi', 103, 4.07]"
"['Bi', 100, 'Ti', 165, 3.561]"
"['Bi', 100, 'Ti', 170, 3.746]"
"['Bi', 100, 'Ti', 190, 3.131]"
"['Bi', 100, 'Ti', 195, 3.376]"
"['Bi', 100, 'O', 356, 2.2]"
"['Bi', 100, 'O', 368, 4.993]"
"['Bi', 100, 'O', 369, 4.672]"
"['Bi', 100, 'O', 370, 4.277]"
"['Bi', 100, 'O', 371, 2.717]"
"['Bi', 100, 'O', 383, 4.702]"
"['Bi', 100, 'O', 384, 4.543]"
"['Bi', 100, 'O', 385, 2.786]"
"['Bi', 100, 'O', 400, 4.843]"
"['Bi', 100, 'O', 443, 4.581]"
"['Bi', 100, 'O', 444, 2.49]"
"['Bi', 100, 'O', 445, 4.517]"
"['Bi', 100, 'O', 446, 2.595]"
"['Bi', 100, 'O', 458, 4.6]"
"['Bi', 100, 'O', 459, 2.624]"
"['Bi', 100, 'O', 460, 2.372]"
"['Bi', 100, 'O', 475, 4.726]"
"['Bi', 100, 'O', 519, 4.384]"
"['Bi', 100, 'O', 534, 4.942]"
"['Bi', 101, 'Pb', 3, 3.877]"
"['Bi', 101, 'Na', 31, 4.129]"
"['Bi', 101, 'Na', 42, 3.916]"
"['Bi', 101, 'Na', 44, 4.228]"
"['Bi', 101, 'Na', 52, 4.199]"
"['Bi', 101, 'Bi', 101, 0.0]"
"['Bi', 101, 'Ti', 161, 3.151]"
"['Bi', 101, 'Ti', 162, 3.315]"
"['Bi', 101, 'Ti', 166, 3.336]"
"['Bi', 101, 'Ti', 167, 3.37]"
"['Bi', 101, 'Ti', 186, 3.37]"
"['Bi', 101, 'Ti', 187, 3.761]"
"['Bi', 101, 'Ti', 191, 3.519]"
"['Bi', 101, 'Ti', 192, 3.526]"
"['Bi', 101, 'O', 357, 4.465]"
"['Bi', 101, 'O', 358, 4.583]"
"['Bi', 101, 'O', 359, 2.153]"
"['Bi', 101, 'O', 360, 4.622]"
"['Bi', 101, 'O', 361, 4.479]"
"['Bi', 101, 'O', 362, 4.524]"
"['Bi', 101, 'O', 372, 4.689]"
"['Bi', 101, 'O', 373, 2.97]"
"['Bi', 101, 'O', 374, 2.348]"
"['Bi', 101, 'O', 375, 4.545]"
"['Bi', 101, 'O', 376, 2.373]"
"['Bi', 101, 'O', 377, 4.68]"
"['Bi', 101, 'O', 388, 4.709]"
"['Bi', 101, 'O', 391, 4.753]"
"['Bi', 101, 'O', 431, 4.543]"
"['Bi', 101, 'O', 432, 2.719]"
"['Bi', 101, 'O', 433, 4.778]"
"['Bi', 101, 'O', 434, 3.171]"
"['Bi', 101, 'O', 435, 3.139]"
"['Bi', 101, 'O', 447, 3.187]"
"['Bi', 101, 'O', 448, 2.721]"
"['Bi', 101, 'O', 449, 3.181]"
"['Bi', 101, 'O', 450, 3.153]"
"['Bi', 101, 'O', 451, 3.059]"
"['Bi', 101, 'O', 452, 4.6]"
"['Bi', 101, 'O', 463, 4.765]"
"['Bi', 101, 'O', 507, 4.619]"
"['Bi', 101, 'O', 510, 4.982]"
"['Bi', 101, 'O', 522, 4.603]"
"['Bi', 102, 'Pb', 4, 4.049]"
"['Bi', 102, 'Na', 32, 4.07]"
"['Bi', 102, 'Na', 41, 3.596]"
"['Bi', 102, 'Na', 43, 4.22]"
"['Bi', 102, 'Bi', 100, 3.891]"
"['Bi', 102, 'Bi', 102, 0.0]"
"['Bi', 102, 'Bi', 114, 4.3]"
"['Bi', 102, 'Ti', 164, 3.278]"
"['Bi', 102, 'Ti', 165, 3.394]"
"['Bi', 102, 'Ti', 169, 3.611]"
"['Bi', 102, 'Ti', 170, 3.311]"
"['Bi', 102, 'Ti', 189, 3.299]"
"['Bi', 102, 'Ti', 190, 3.32]"
"['Bi', 102, 'Ti', 194, 3.024]"
"['Bi', 102, 'Ti', 195, 3.291]"
"['Bi', 102, 'O', 356, 4.443]"
"['Bi', 102, 'O', 366, 4.502]"
"['Bi', 102, 'O', 367, 4.715]"
"['Bi', 102, 'O', 368, 3.195]"
"['Bi', 102, 'O', 370, 4.56]"
"['Bi', 102, 'O', 371, 4.606]"
"['Bi', 102, 'O', 380, 4.647]"
"['Bi', 102, 'O', 381, 4.827]"
"['Bi', 102, 'O', 382, 3.158]"
"['Bi', 102, 'O', 383, 2.324]"
"['Bi', 102, 'O', 384, 4.492]"
"['Bi', 102, 'O', 385, 3.174]"
"['Bi', 102, 'O', 397, 4.479]"
"['Bi', 102, 'O', 400, 4.688]"
"['Bi', 102, 'O', 440, 4.863]"
"['Bi', 102, 'O', 441, 3.195]"
"['Bi', 102, 'O', 443, 3.069]"
"['Bi', 102, 'O', 444, 3.164]"
"['Bi', 102, 'O', 445, 4.54]"
"['Bi', 102, 'O', 446, 4.485]"
"['Bi', 102, 'O', 455, 4.903]"
"['Bi', 102, 'O', 456, 2.78]"
"['Bi', 102, 'O', 457, 2.958]"
"['Bi', 102, 'O', 458, 2.726]"
"['Bi', 102, 'O', 459, 3.198]"
"['Bi', 102, 'O', 460, 3.18]"
"['Bi', 102, 'O', 472, 4.544]"
"['Bi', 102, 'O', 475, 4.986]"
"['Bi', 102, 'O', 531, 4.802]"
"['Bi', 102, 'O', 534, 4.987]"
"['Bi', 103, 'Pb', 4, 3.85]"
"['Bi', 103, 'Bi', 100, 4.07]"
"['Bi', 103, 'Bi', 103, 0.0]"
"['Bi', 103, 'Bi', 115, 4.017]"
"['Bi', 103, 'Ti', 170, 3.562]"
"['Bi', 103, 'Ti', 175, 3.563]"
"['Bi', 103, 'Ti', 195, 3.501]"
"['Bi', 103, 'Ti', 200, 3.544]"
"['Bi', 103, 'O', 371, 3.114]"
"['Bi', 103, 'O', 383, 4.859]"
"['Bi', 103, 'O', 384, 4.605]"
"['Bi', 103, 'O', 385, 4.859]"
"['Bi', 103, 'O', 398, 4.368]"
"['Bi', 103, 'O', 399, 4.56]"
"['Bi', 103, 'O', 400, 2.518]"
"['Bi', 103, 'O', 415, 4.787]"
"['Bi', 103, 'O', 446, 2.487]"
"['Bi', 103, 'O', 458, 4.583]"
"['Bi', 103, 'O', 459, 2.319]"
"['Bi', 103, 'O', 460, 4.666]"
"['Bi', 103, 'O', 473, 4.782]"
"['Bi', 103, 'O', 474, 2.737]"
"['Bi', 103, 'O', 475, 2.44]"
"['Bi', 103, 'O', 534, 4.828]"
"['Bi', 103, 'O', 549, 4.56]"
"['Bi', 104, 'Pb', 4, 3.912]"
"['Bi', 104, 'Na', 35, 4.071]"
"['Bi', 104, 'Na', 37, 3.919]"
"['Bi', 104, 'Na', 43, 4.208]"
"['Bi', 104, 'Na', 45, 3.985]"
"['Bi', 104, 'Na', 55, 3.982]"
"['Bi', 104, 'Bi', 104, 0.0]"
"['Bi', 104, 'Ti', 168, 3.645]"
"['Bi', 104, 'Ti', 169, 3.51]"
"['Bi', 104, 'Ti', 173, 3.256]"
"['Bi', 104, 'Ti', 174, 3.417]"
"['Bi', 104, 'Ti', 193, 3.573]"
"['Bi', 104, 'Ti', 194, 3.486]"
"['Bi', 104, 'Ti', 198, 3.283]"
"['Bi', 104, 'Ti', 199, 3.455]"
"['Bi', 104, 'O', 334, 4.634]"
"['Bi', 104, 'O', 378, 4.748]"
"['Bi', 104, 'O', 380, 3.127]"
"['Bi', 104, 'O', 381, 4.864]"
"['Bi', 104, 'O', 382, 4.95]"
"['Bi', 104, 'O', 383, 4.744]"
"['Bi', 104, 'O', 392, 4.443]"
"['Bi', 104, 'O', 393, 4.651]"
"['Bi', 104, 'O', 394, 3.036]"
"['Bi', 104, 'O', 395, 2.28]"
"['Bi', 104, 'O', 396, 4.502]"
"['Bi', 104, 'O', 397, 2.385]"
"['Bi', 104, 'O', 398, 4.688]"
"['Bi', 104, 'O', 412, 4.421]"
"['Bi', 104, 'O', 453, 3.045]"
"['Bi', 104, 'O', 455, 2.488]"
"['Bi', 104, 'O', 456, 2.674]"
"['Bi', 104, 'O', 457, 4.909]"
"['Bi', 104, 'O', 458, 4.889]"
"['Bi', 104, 'O', 467, 4.686]"
"['Bi', 104, 'O', 468, 3.083]"
"['Bi', 104, 'O', 469, 3.138]"
"['Bi', 104, 'O', 470, 2.569]"
"['Bi', 104, 'O', 471, 2.715]"
"['Bi', 104, 'O', 472, 3.194]"
"['Bi', 104, 'O', 528, 4.766]"
"['Bi', 104, 'O', 531, 4.688]"
"['Bi', 104, 'O', 543, 4.878]"
"['Bi', 105, 'Na', 47, 4.173]"
"['Bi', 105, 'Bi', 105, 0.0]"
"['Bi', 105, 'Bi', 108, 3.958]"
"['Bi', 105, 'Ti', 178, 3.486]"
"['Bi', 105, 'Ti', 179, 3.332]"
"['Bi', 105, 'Ti', 203, 3.366]"
"['Bi', 105, 'Ti', 204, 3.057]"
"['Bi', 105, 'O', 408, 4.543]"
"['Bi', 105, 'O', 409, 2.764]"
"['Bi', 105, 'O', 410, 3.174]"
"['Bi', 105, 'O', 411, 4.726]"
"['Bi', 105, 'O', 413, 4.541]"
"['Bi', 105, 'O', 424, 4.728]"
"['Bi', 105, 'O', 427, 4.655]"
"['Bi', 105, 'O', 482, 4.66]"
"['Bi', 105, 'O', 483, 3.199]"
"['Bi', 105, 'O', 485, 2.104]"
"['Bi', 105, 'O', 486, 2.293]"
"['Bi', 105, 'O', 488, 4.845]"
"['Bi', 105, 'O', 499, 4.568]"
"['Bi', 105, 'O', 502, 4.369]"
"['Bi', 105, 'O', 558, 4.463]"
"['Bi', 105, 'O', 561, 4.663]"
"['Bi', 106, 'Bi', 95, 4.065]"
"['Bi', 106, 'Bi', 106, 0.0]"
"['Bi', 106, 'Bi', 107, 3.932]"
"['Bi', 106, 'Bi', 110, 3.924]"
"['Bi', 106, 'Bi', 121, 3.894]"
"['Bi', 106, 'Ti', 176, 3.591]"
"['Bi', 106, 'Ti', 177, 3.537]"
"['Bi', 106, 'Ti', 181, 3.799]"
"['Bi', 106, 'Ti', 182, 3.159]"
"['Bi', 106, 'Ti', 201, 3.415]"
"['Bi', 106, 'Ti', 202, 3.644]"
"['Bi', 106, 'Ti', 206, 3.361]"
"['Bi', 106, 'Ti', 207, 3.291]"
"['Bi', 106, 'O', 402, 4.903]"
"['Bi', 106, 'O', 404, 3.152]"
"['Bi', 106, 'O', 405, 4.966]"
"['Bi', 106, 'O', 406, 4.751]"
"['Bi', 106, 'O', 407, 4.824]"
"['Bi', 106, 'O', 418, 3.011]"
"['Bi', 106, 'O', 419, 2.849]"
"['Bi', 106, 'O', 420, 4.386]"
"['Bi', 106, 'O', 421, 2.641]"
"['Bi', 106, 'O', 422, 4.809]"
"['Bi', 106, 'O', 436, 4.489]"
"['Bi', 106, 'O', 476, 4.769]"
"['Bi', 106, 'O', 477, 2.565]"
"['Bi', 106, 'O', 479, 2.687]"
"['Bi', 106, 'O', 480, 2.365]"
"['Bi', 106, 'O', 481, 4.491]"
"['Bi', 106, 'O', 482, 4.627]"
"['Bi', 106, 'O', 492, 3.033]"
"['Bi', 106, 'O', 493, 2.363]"
"['Bi', 106, 'O', 494, 2.37]"
"['Bi', 106, 'O', 495, 2.461]"
"['Bi', 106, 'O', 496, 2.266]"
"['Bi', 106, 'O', 497, 4.258]"
"['Bi', 106, 'O', 508, 4.32]"
"['Bi', 106, 'O', 511, 4.404]"
"['Bi', 106, 'O', 552, 4.63]"
"['Bi', 106, 'O', 555, 4.387]"
"['Bi', 106, 'O', 567, 4.385]"
"['Bi', 106, 'O', 570, 4.425]"
"['Bi', 107, 'Na', 47, 3.896]"
"['Bi', 107, 'Bi', 96, 4.126]"
"['Bi', 107, 'Bi', 106, 3.932]"
"['Bi', 107, 'Bi', 107, 0.0]"
"['Bi', 107, 'Bi', 108, 3.831]"
"['Bi', 107, 'Bi', 111, 4.025]"
"['Bi', 107, 'Bi', 122, 3.814]"
"['Bi', 107, 'Ti', 177, 3.44]"
"['Bi', 107, 'Ti', 178, 3.581]"
"['Bi', 107, 'Ti', 182, 3.27]"
"['Bi', 107, 'Ti', 183, 3.606]"
"['Bi', 107, 'Ti', 202, 3.49]"
"['Bi', 107, 'Ti', 203, 3.273]"
"['Bi', 107, 'Ti', 207, 3.64]"
"['Bi', 107, 'Ti', 208, 2.925]"
"['Bi', 107, 'O', 406, 4.65]"
"['Bi', 107, 'O', 407, 2.959]"
"['Bi', 107, 'O', 408, 4.987]"
"['Bi', 107, 'O', 409, 4.82]"
"['Bi', 107, 'O', 410, 4.747]"
"['Bi', 107, 'O', 420, 4.786]"
"['Bi', 107, 'O', 421, 3.199]"
"['Bi', 107, 'O', 422, 3.157]"
"['Bi', 107, 'O', 424, 2.738]"
"['Bi', 107, 'O', 425, 4.509]"
"['Bi', 107, 'O', 436, 4.687]"
"['Bi', 107, 'O', 439, 4.944]"
"['Bi', 107, 'O', 479, 4.686]"
"['Bi', 107, 'O', 480, 2.532]"
"['Bi', 107, 'O', 481, 4.729]"
"['Bi', 107, 'O', 482, 2.295]"
"['Bi', 107, 'O', 483, 2.337]"
"['Bi', 107, 'O', 485, 4.659]"
"['Bi', 107, 'O', 494, 4.687]"
"['Bi', 107, 'O', 495, 2.535]"
"['Bi', 107, 'O', 496, 3.086]"
"['Bi', 107, 'O', 497, 2.381]"
"['Bi', 107, 'O', 498, 2.482]"
"['Bi', 107, 'O', 499, 2.221]"
"['Bi', 107, 'O', 500, 4.448]"
"['Bi', 107, 'O', 511, 4.244]"
"['Bi', 107, 'O', 514, 4.464]"
"['Bi', 107, 'O', 555, 4.43]"
"['Bi', 107, 'O', 558, 4.6]"
"['Bi', 107, 'O', 570, 4.368]"
"['Bi', 107, 'O', 573, 4.124]"
"['Bi', 108, 'Na', 50, 3.77]"
"['Bi', 108, 'Bi', 97, 3.987]"
"['Bi', 108, 'Bi', 105, 3.958]"
"['Bi', 108, 'Bi', 107, 3.831]"
"['Bi', 108, 'Bi', 108, 0.0]"
"['Bi', 108, 'Bi', 112, 4.005]"
"['Bi', 108, 'Bi', 123, 3.985]"
"['Bi', 108, 'Ti', 178, 3.361]"
"['Bi', 108, 'Ti', 179, 3.405]"
"['Bi', 108, 'Ti', 183, 3.667]"
"['Bi', 108, 'Ti', 184, 3.215]"
"['Bi', 108, 'Ti', 203, 3.785]"
"['Bi', 108, 'Ti', 204, 3.8]"
"['Bi', 108, 'Ti', 208, 3.497]"
"['Bi', 108, 'Ti', 209, 3.296]"
"['Bi', 108, 'O', 407, 4.761]"
"['Bi', 108, 'O', 408, 4.428]"
"['Bi', 108, 'O', 409, 4.645]"
"['Bi', 108, 'O', 410, 2.621]"
"['Bi', 108, 'O', 411, 4.547]"
"['Bi', 108, 'O', 413, 4.428]"
"['Bi', 108, 'O', 422, 4.942]"
"['Bi', 108, 'O', 423, 4.479]"
"['Bi', 108, 'O', 424, 2.231]"
"['Bi', 108, 'O', 425, 2.307]"
"['Bi', 108, 'O', 426, 4.568]"
"['Bi', 108, 'O', 427, 2.332]"
"['Bi', 108, 'O', 428, 4.729]"
"['Bi', 108, 'O', 439, 4.406]"
"['Bi', 108, 'O', 442, 4.489]"
"['Bi', 108, 'O', 482, 4.566]"
"['Bi', 108, 'O', 483, 2.591]"
"['Bi', 108, 'O', 485, 2.93]"
"['Bi', 108, 'O', 486, 2.983]"
"['Bi', 108, 'O', 497, 4.881]"
"['Bi', 108, 'O', 498, 2.366]"
"['Bi', 108, 'O', 499, 2.604]"
"['Bi', 108, 'O', 500, 2.907]"
"['Bi', 108, 'O', 501, 2.299]"
"['Bi', 108, 'O', 502, 2.844]"
"['Bi', 108, 'O', 503, 4.808]"
"['Bi', 108, 'O', 514, 4.87]"
"['Bi', 108, 'O', 517, 4.309]"
"['Bi', 108, 'O', 558, 4.575]"
"['Bi', 108, 'O', 573, 4.45]"
"['Bi', 108, 'O', 576, 4.624]"
"['Bi', 109, 'Na', 49, 3.761]"
"['Bi', 109, 'Bi', 98, 3.878]"
"['Bi', 109, 'Bi', 109, 0.0]"
"['Bi', 109, 'Bi', 113, 3.911]"
"['Bi', 109, 'Ti', 185, 3.413]"
"['Bi', 109, 'Ti', 190, 3.507]"
"['Bi', 109, 'Ti', 210, 3.574]"
"['Bi', 109, 'Ti', 215, 2.903]"
"['Bi', 109, 'O', 416, 2.718]"
"['Bi', 109, 'O', 428, 4.64]"
"['Bi', 109, 'O', 429, 4.456]"
"['Bi', 109, 'O', 430, 4.688]"
"['Bi', 109, 'O', 443, 4.52]"
"['Bi', 109, 'O', 444, 4.883]"
"['Bi', 109, 'O', 445, 3.106]"
"['Bi', 109, 'O', 460, 4.448]"
"['Bi', 109, 'O', 491, 2.788]"
"['Bi', 109, 'O', 504, 3.172]"
"['Bi', 109, 'O', 518, 4.342]"
"['Bi', 109, 'O', 519, 2.007]"
"['Bi', 109, 'O', 520, 3.17]"
"['Bi', 109, 'O', 535, 4.585]"
"['Bi', 109, 'O', 594, 4.508]"
"['Bi', 110, 'Pb', 3, 3.93]"
"['Bi', 110, 'Na', 52, 3.92]"
"['Bi', 110, 'Na', 59, 4.974]"
"['Bi', 110, 'Na', 60, 4.109]"
"['Bi', 110, 'Na', 64, 4.968]"
"['Bi', 110, 'Bi', 106, 3.924]"
"['Bi', 110, 'Bi', 110, 0.0]"
"['Bi', 110, 'Bi', 111, 4.128]"
"['Bi', 110, 'Ti', 181, 3.627]"
"['Bi', 110, 'Ti', 182, 3.32]"
"['Bi', 110, 'Ti', 186, 3.353]"
"['Bi', 110, 'Ti', 187, 3.7]"
"['Bi', 110, 'Ti', 206, 3.41]"
"['Bi', 110, 'Ti', 207, 3.486]"
"['Bi', 110, 'Ti', 211, 3.077]"
"['Bi', 110, 'Ti', 212, 3.295]"
"['Bi', 110, 'O', 417, 4.775]"
"['Bi', 110, 'O', 418, 4.619]"
"['Bi', 110, 'O', 419, 2.567]"
"['Bi', 110, 'O', 420, 4.528]"
"['Bi', 110, 'O', 421, 4.709]"
"['Bi', 110, 'O', 422, 4.916]"
"['Bi', 110, 'O', 431, 4.878]"
"['Bi', 110, 'O', 433, 3.19]"
"['Bi', 110, 'O', 434, 2.602]"
"['Bi', 110, 'O', 436, 3.043]"
"['Bi', 110, 'O', 437, 4.506]"
"['Bi', 110, 'O', 448, 4.819]"
"['Bi', 110, 'O', 451, 4.407]"
"['Bi', 110, 'O', 492, 2.451]"
"['Bi', 110, 'O', 493, 4.623]"
"['Bi', 110, 'O', 494, 3.171]"
"['Bi', 110, 'O', 495, 3.198]"
"['Bi', 110, 'O', 496, 4.771]"
"['Bi', 110, 'O', 497, 4.426]"
"['Bi', 110, 'O', 506, 4.408]"
"['Bi', 110, 'O', 507, 2.418]"
"['Bi', 110, 'O', 508, 2.307]"
"['Bi', 110, 'O', 509, 2.081]"
"['Bi', 110, 'O', 510, 2.703]"
"['Bi', 110, 'O', 511, 2.95]"
"['Bi', 110, 'O', 512, 4.765]"
"['Bi', 110, 'O', 523, 4.422]"
"['Bi', 110, 'O', 526, 4.575]"
"['Bi', 110, 'O', 567, 4.268]"
"['Bi', 110, 'O', 582, 4.389]"
"['Bi', 110, 'O', 585, 4.345]"
"['Bi', 111, 'Na', 40, 4.127]"
"['Bi', 111, 'Na', 53, 3.538]"
"['Bi', 111, 'Na', 61, 3.602]"
"['Bi', 111, 'Bi', 107, 4.025]"
"['Bi', 111, 'Bi', 110, 4.128]"
"['Bi', 111, 'Bi', 111, 0.0]"
"['Bi', 111, 'Bi', 112, 3.817]"
"['Bi', 111, 'Ti', 182, 3.34]"
"['Bi', 111, 'Ti', 183, 3.292]"
"['Bi', 111, 'Ti', 187, 3.373]"
"['Bi', 111, 'Ti', 188, 3.391]"
"['Bi', 111, 'Ti', 207, 3.784]"
"['Bi', 111, 'Ti', 208, 3.02]"
"['Bi', 111, 'Ti', 212, 2.902]"
"['Bi', 111, 'Ti', 213, 3.388]"
"['Bi', 111, 'O', 419, 4.955]"
"['Bi', 111, 'O', 420, 4.86]"
"['Bi', 111, 'O', 422, 3.111]"
"['Bi', 111, 'O', 423, 4.906]"
"['Bi', 111, 'O', 424, 4.689]"
"['Bi', 111, 'O', 425, 4.822]"
"['Bi', 111, 'O', 434, 4.727]"
"['Bi', 111, 'O', 435, 4.946]"
"['Bi', 111, 'O', 436, 3.193]"
"['Bi', 111, 'O', 437, 2.227]"
"['Bi', 111, 'O', 438, 4.685]"
"['Bi', 111, 'O', 439, 3.171]"
"['Bi', 111, 'O', 440, 4.715]"
"['Bi', 111, 'O', 451, 4.62]"
"['Bi', 111, 'O', 454, 4.456]"
"['Bi', 111, 'O', 495, 3.192]"
"['Bi', 111, 'O', 497, 2.463]"
"['Bi', 111, 'O', 498, 3.162]"
"['Bi', 111, 'O', 499, 4.693]"
"['Bi', 111, 'O', 500, 4.338]"
"['Bi', 111, 'O', 509, 4.421]"
"['Bi', 111, 'O', 510, 2.709]"
"['Bi', 111, 'O', 511, 2.551]"
"['Bi', 111, 'O', 512, 2.215]"
"['Bi', 111, 'O', 513, 2.748]"
"['Bi', 111, 'O', 514, 2.329]"
"['Bi', 111, 'O', 515, 4.581]"
"['Bi', 111, 'O', 526, 4.385]"
"['Bi', 111, 'O', 529, 4.381]"
"['Bi', 111, 'O', 573, 4.616]"
"['Bi', 111, 'O', 585, 4.468]"
"['Bi', 111, 'O', 588, 4.495]"
"['Bi', 112, 'Na', 53, 4.929]"
"['Bi', 112, 'Na', 54, 4.076]"
"['Bi', 112, 'Na', 62, 4.169]"
"['Bi', 112, 'Bi', 99, 3.5]"
"['Bi', 112, 'Bi', 108, 4.005]"
"['Bi', 112, 'Bi', 111, 3.817]"
"['Bi', 112, 'Bi', 112, 0.0]"
"['Bi', 112, 'Bi', 113, 3.956]"
"['Bi', 112, 'Ti', 183, 3.503]"
"['Bi', 112, 'Ti', 184, 3.36]"
"['Bi', 112, 'Ti', 188, 3.254]"
"['Bi', 112, 'Ti', 189, 3.403]"
"['Bi', 112, 'Ti', 208, 3.643]"
"['Bi', 112, 'Ti', 209, 3.608]"
"['Bi', 112, 'Ti', 213, 3.358]"
"['Bi', 112, 'Ti', 214, 3.271]"
"['Bi', 112, 'O', 423, 4.303]"
"['Bi', 112, 'O', 424, 4.507]"
"['Bi', 112, 'O', 425, 3.035]"
"['Bi', 112, 'O', 426, 4.727]"
"['Bi', 112, 'O', 427, 4.576]"
"['Bi', 112, 'O', 428, 4.31]"
"['Bi', 112, 'O', 437, 4.469]"
"['Bi', 112, 'O', 438, 4.446]"
"['Bi', 112, 'O', 439, 2.465]"
"['Bi', 112, 'O', 440, 2.255]"
"['Bi', 112, 'O', 441, 4.462]"
"['Bi', 112, 'O', 442, 2.64]"
"['Bi', 112, 'O', 443, 4.735]"
"['Bi', 112, 'O', 454, 4.396]"
"['Bi', 112, 'O', 457, 4.406]"
"['Bi', 112, 'O', 497, 4.97]"
"['Bi', 112, 'O', 498, 3.183]"
"['Bi', 112, 'O', 499, 4.93]"
"['Bi', 112, 'O', 500, 2.825]"
"['Bi', 112, 'O', 501, 3.166]"
"['Bi', 112, 'O', 512, 4.449]"
"['Bi', 112, 'O', 513, 2.353]"
"['Bi', 112, 'O', 514, 3.12]"
"['Bi', 112, 'O', 515, 2.392]"
"['Bi', 112, 'O', 516, 2.326]"
"['Bi', 112, 'O', 517, 2.647]"
"['Bi', 112, 'O', 518, 4.8]"
"['Bi', 112, 'O', 529, 4.52]"
"['Bi', 112, 'O', 532, 4.603]"
"['Bi', 112, 'O', 573, 4.933]"
"['Bi', 112, 'O', 576, 4.701]"
"['Bi', 112, 'O', 588, 4.791]"
"['Bi', 112, 'O', 591, 4.932]"
"['Bi', 113, 'Na', 41, 3.892]"
"['Bi', 113, 'Na', 50, 3.818]"
"['Bi', 113, 'Bi', 109, 3.911]"
"['Bi', 113, 'Bi', 112, 3.956]"
"['Bi', 113, 'Bi', 113, 0.0]"
"['Bi', 113, 'Bi', 114, 3.821]"
"['Bi', 113, 'Bi', 125, 3.75]"
"['Bi', 113, 'Ti', 184, 3.351]"
"['Bi', 113, 'Ti', 185, 2.902]"
"['Bi', 113, 'Ti', 189, 3.402]"
"['Bi', 113, 'Ti', 190, 3.532]"
"['Bi', 113, 'Ti', 209, 3.488]"
"['Bi', 113, 'Ti', 210, 3.599]"
"['Bi', 113, 'Ti', 214, 3.198]"
"['Bi', 113, 'Ti', 215, 3.58]"
"['Bi', 113, 'O', 416, 4.324]"
"['Bi', 113, 'O', 426, 4.488]"
"['Bi', 113, 'O', 427, 4.552]"
"['Bi', 113, 'O', 428, 2.028]"
"['Bi', 113, 'O', 429, 4.409]"
"['Bi', 113, 'O', 430, 4.427]"
"['Bi', 113, 'O', 440, 4.541]"
"['Bi', 113, 'O', 441, 4.787]"
"['Bi', 113, 'O', 442, 3.091]"
"['Bi', 113, 'O', 443, 2.707]"
"['Bi', 113, 'O', 445, 2.614]"
"['Bi', 113, 'O', 457, 4.829]"
"['Bi', 113, 'O', 491, 4.586]"
"['Bi', 113, 'O', 500, 4.926]"
"['Bi', 113, 'O', 501, 3.2]"
"['Bi', 113, 'O', 503, 3.191]"
"['Bi', 113, 'O', 504, 2.246]"
"['Bi', 113, 'O', 505, 4.819]"
"['Bi', 113, 'O', 515, 4.422]"
"['Bi', 113, 'O', 516, 2.836]"
"['Bi', 113, 'O', 517, 2.74]"
"['Bi', 113, 'O', 518, 2.468]"
"['Bi', 113, 'O', 519, 3.188]"
"['Bi', 113, 'O', 520, 2.774]"
"['Bi', 113, 'O', 532, 4.417]"
"['Bi', 113, 'O', 535, 4.728]"
"['Bi', 113, 'O', 576, 4.645]"
"['Bi', 113, 'O', 579, 4.988]"
"['Bi', 113, 'O', 591, 4.507]"
"['Bi', 113, 'O', 594, 4.56]"
"['Bi', 114, 'Na', 54, 3.972]"
"['Bi', 114, 'Na', 66, 3.625]"
"['Bi', 114, 'Bi', 102, 4.3]"
"['Bi', 114, 'Bi', 113, 3.821]"
"['Bi', 114, 'Bi', 114, 0.0]"
"['Bi', 114, 'Bi', 118, 3.942]"
"['Bi', 114, 'Bi', 125, 4.848]"
"['Bi', 114, 'Ti', 189, 3.557]"
"['Bi', 114, 'Ti', 190, 3.362]"
"['Bi', 114, 'Ti', 194, 3.773]"
"['Bi', 114, 'Ti', 195, 3.455]"
"['Bi', 114, 'Ti', 214, 3.453]"
"['Bi', 114, 'Ti', 215, 3.278]"
"['Bi', 114, 'Ti', 219, 3.372]"
"['Bi', 114, 'Ti', 220, 3.317]"
"['Bi', 114, 'O', 440, 4.806]"
"['Bi', 114, 'O', 443, 3.036]"
"['Bi', 114, 'O', 445, 4.384]"
"['Bi', 114, 'O', 446, 4.891]"
"['Bi', 114, 'O', 457, 3.148]"
"['Bi', 114, 'O', 458, 3.19]"
"['Bi', 114, 'O', 460, 3.133]"
"['Bi', 114, 'O', 472, 4.742]"
"['Bi', 114, 'O', 515, 4.572]"
"['Bi', 114, 'O', 516, 3.111]"
"['Bi', 114, 'O', 517, 4.918]"
"['Bi', 114, 'O', 518, 2.609]"
"['Bi', 114, 'O', 519, 3.18]"
"['Bi', 114, 'O', 520, 4.45]"
"['Bi', 114, 'O', 521, 4.539]"
"['Bi', 114, 'O', 530, 4.742]"
"['Bi', 114, 'O', 531, 3.192]"
"['Bi', 114, 'O', 532, 2.222]"
"['Bi', 114, 'O', 533, 3.15]"
"['Bi', 114, 'O', 534, 2.9]"
"['Bi', 114, 'O', 535, 2.321]"
"['Bi', 114, 'O', 550, 4.627]"
"['Bi', 114, 'O', 591, 4.404]"
"['Bi', 114, 'O', 594, 4.425]"
"['Bi', 114, 'O', 606, 4.427]"
"['Bi', 114, 'O', 609, 4.606]"
"['Bi', 115, 'Na', 67, 3.701]"
"['Bi', 115, 'Bi', 103, 4.017]"
"['Bi', 115, 'Bi', 115, 0.0]"
"['Bi', 115, 'Bi', 118, 3.802]"
"['Bi', 115, 'Ti', 195, 3.572]"
"['Bi', 115, 'Ti', 200, 3.44]"
"['Bi', 115, 'Ti', 220, 3.618]"
"['Bi', 115, 'Ti', 225, 3.38]"
"['Bi', 115, 'O', 415, 4.867]"
"['Bi', 115, 'O', 446, 3.176]"
"['Bi', 115, 'O', 458, 4.697]"
"['Bi', 115, 'O', 459, 4.691]"
"['Bi', 115, 'O', 460, 4.749]"
"['Bi', 115, 'O', 473, 4.62]"
"['Bi', 115, 'O', 474, 4.86]"
"['Bi', 115, 'O', 475, 2.54]"
"['Bi', 115, 'O', 490, 4.778]"
"['Bi', 115, 'O', 521, 2.576]"
"['Bi', 115, 'O', 533, 4.585]"
"['Bi', 115, 'O', 534, 2.677]"
"['Bi', 115, 'O', 535, 4.845]"
"['Bi', 115, 'O', 536, 2.781]"
"['Bi', 115, 'O', 548, 4.53]"
"['Bi', 115, 'O', 549, 2.254]"
"['Bi', 115, 'O', 550, 3.167]"
"['Bi', 115, 'O', 609, 4.575]"
"['Bi', 115, 'O', 624, 4.694]"
"['Bi', 116, 'Pb', 5, 3.833]"
"['Bi', 116, 'Pb', 8, 4.085]"
"['Bi', 116, 'Na', 44, 4.016]"
"['Bi', 116, 'Na', 52, 3.914]"
"['Bi', 116, 'Bi', 116, 0.0]"
"['Bi', 116, 'Bi', 117, 4.183]"
"['Bi', 116, 'Ti', 191, 3.552]"
"['Bi', 116, 'Ti', 192, 3.342]"
"['Bi', 116, 'Ti', 196, 3.44]"
"['Bi', 116, 'Ti', 197, 3.441]"
"['Bi', 116, 'Ti', 216, 3.444]"
"['Bi', 116, 'Ti', 217, 3.37]"
"['Bi', 116, 'Ti', 221, 3.74]"
"['Bi', 116, 'Ti', 222, 3.335]"
"['Bi', 116, 'O', 448, 4.569]"
"['Bi', 116, 'O', 449, 2.729]"
"['Bi', 116, 'O', 450, 4.509]"
"['Bi', 116, 'O', 451, 4.93]"
"['Bi', 116, 'O', 452, 4.766]"
"['Bi', 116, 'O', 461, 4.504]"
"['Bi', 116, 'O', 463, 3.161]"
"['Bi', 116, 'O', 464, 3.196]"
"['Bi', 116, 'O', 465, 4.999]"
"['Bi', 116, 'O', 466, 2.433]"
"['Bi', 116, 'O', 478, 4.569]"
"['Bi', 116, 'O', 522, 3.075]"
"['Bi', 116, 'O', 523, 4.884]"
"['Bi', 116, 'O', 524, 3.162]"
"['Bi', 116, 'O', 525, 3.192]"
"['Bi', 116, 'O', 527, 4.428]"
"['Bi', 116, 'O', 537, 2.792]"
"['Bi', 116, 'O', 538, 2.362]"
"['Bi', 116, 'O', 539, 2.642]"
"['Bi', 116, 'O', 540, 2.924]"
"['Bi', 116, 'O', 541, 2.443]"
"['Bi', 116, 'O', 542, 4.306]"
"['Bi', 116, 'O', 597, 4.357]"
"['Bi', 116, 'O', 600, 4.433]"
"['Bi', 116, 'O', 612, 4.367]"
"['Bi', 116, 'O', 615, 4.684]"
"['Bi', 117, 'Na', 45, 3.969]"
"['Bi', 117, 'Na', 53, 4.147]"
"['Bi', 117, 'Na', 55, 3.633]"
"['Bi', 117, 'Na', 68, 4.035]"
"['Bi', 117, 'Bi', 116, 4.183]"
"['Bi', 117, 'Bi', 117, 0.0]"
"['Bi', 117, 'Ti', 192, 3.742]"
"['Bi', 117, 'Ti', 193, 3.436]"
"['Bi', 117, 'Ti', 197, 3.659]"
"['Bi', 117, 'Ti', 198, 3.454]"
"['Bi', 117, 'Ti', 217, 3.581]"
"['Bi', 117, 'Ti', 218, 3.113]"
"['Bi', 117, 'Ti', 222, 3.691]"
"['Bi', 117, 'Ti', 223, 3.301]"
"['Bi', 117, 'O', 450, 4.587]"
"['Bi', 117, 'O', 452, 3.146]"
"['Bi', 117, 'O', 454, 4.85]"
"['Bi', 117, 'O', 455, 4.547]"
"['Bi', 117, 'O', 466, 3.156]"
"['Bi', 117, 'O', 467, 3.196]"
"['Bi', 117, 'O', 469, 2.538]"
"['Bi', 117, 'O', 470, 4.645]"
"['Bi', 117, 'O', 484, 4.487]"
"['Bi', 117, 'O', 525, 3.15]"
"['Bi', 117, 'O', 526, 4.937]"
"['Bi', 117, 'O', 527, 2.337]"
"['Bi', 117, 'O', 528, 2.185]"
"['Bi', 117, 'O', 529, 4.488]"
"['Bi', 117, 'O', 530, 4.444]"
"['Bi', 117, 'O', 540, 3.094]"
"['Bi', 117, 'O', 541, 3.156]"
"['Bi', 117, 'O', 542, 2.643]"
"['Bi', 117, 'O', 543, 2.31]"
"['Bi', 117, 'O', 544, 2.275]"
"['Bi', 117, 'O', 545, 4.35]"
"['Bi', 117, 'O', 600, 4.451]"
"['Bi', 117, 'O', 603, 4.244]"
"['Bi', 117, 'O', 615, 4.862]"
"['Bi', 117, 'O', 618, 4.396]"
"['Bi', 118, 'Pb', 4, 4.247]"
"['Bi', 118, 'Pb', 10, 3.992]"
"['Bi', 118, 'Na', 48, 3.822]"
"['Bi', 118, 'Na', 55, 3.963]"
"['Bi', 118, 'Bi', 114, 3.942]"
"['Bi', 118, 'Bi', 115, 3.802]"
"['Bi', 118, 'Bi', 118, 0.0]"
"['Bi', 118, 'Ti', 194, 3.8]"
"['Bi', 118, 'Ti', 195, 3.381]"
"['Bi', 118, 'Ti', 199, 3.515]"
"['Bi', 118, 'Ti', 200, 3.687]"
"['Bi', 118, 'Ti', 219, 3.332]"
"['Bi', 118, 'Ti', 220, 3.388]"
"['Bi', 118, 'Ti', 224, 3.699]"
"['Bi', 118, 'Ti', 225, 3.304]"
"['Bi', 118, 'O', 446, 4.768]"
"['Bi', 118, 'O', 455, 4.982]"
"['Bi', 118, 'O', 457, 4.869]"
"['Bi', 118, 'O', 458, 2.837]"
"['Bi', 118, 'O', 460, 4.93]"
"['Bi', 118, 'O', 470, 4.858]"
"['Bi', 118, 'O', 471, 4.927]"
"['Bi', 118, 'O', 472, 2.523]"
"['Bi', 118, 'O', 473, 3.148]"
"['Bi', 118, 'O', 475, 3.199]"
"['Bi', 118, 'O', 487, 4.543]"
"['Bi', 118, 'O', 490, 4.854]"
"['Bi', 118, 'O', 521, 4.405]"
"['Bi', 118, 'O', 530, 4.569]"
"['Bi', 118, 'O', 531, 2.594]"
"['Bi', 118, 'O', 532, 4.519]"
"['Bi', 118, 'O', 533, 2.327]"
"['Bi', 118, 'O', 534, 2.461]"
"['Bi', 118, 'O', 535, 4.548]"
"['Bi', 118, 'O', 536, 4.72]"
"['Bi', 118, 'O', 545, 4.765]"
"['Bi', 118, 'O', 546, 3.005]"
"['Bi', 118, 'O', 547, 3.15]"
"['Bi', 118, 'O', 548, 2.426]"
"['Bi', 118, 'O', 549, 3.022]"
"['Bi', 118, 'O', 550, 2.284]"
"['Bi', 118, 'O', 606, 4.382]"
"['Bi', 118, 'O', 609, 4.37]"
"['Bi', 118, 'O', 621, 4.766]"
"['Bi', 118, 'O', 624, 4.47]"
"['Bi', 119, 'Pb', 6, 4.145]"
"['Bi', 119, 'Pb', 10, 3.598]"
"['Bi', 119, 'Na', 48, 4.065]"
"['Bi', 119, 'Na', 56, 3.7]"
"['Bi', 119, 'Bi', 70, 3.596]"
"['Bi', 119, 'Bi', 119, 0.0]"
"['Bi', 119, 'Ti', 224, 3.596]"
"['Bi', 119, 'Ti', 225, 3.213]"
"['Bi', 119, 'Ti', 249, 3.382]"
"['Bi', 119, 'Ti', 250, 3.278]"
"['Bi', 119, 'O', 321, 4.61]"
"['Bi', 119, 'O', 324, 4.49]"
"['Bi', 119, 'O', 487, 2.768]"
"['Bi', 119, 'O', 490, 2.427]"
"['Bi', 119, 'O', 536, 4.445]"
"['Bi', 119, 'O', 546, 4.686]"
"['Bi', 119, 'O', 548, 3.198]"
"['Bi', 119, 'O', 550, 4.487]"
"['Bi', 119, 'O', 611, 4.441]"
"['Bi', 119, 'O', 620, 4.584]"
"['Bi', 119, 'O', 621, 3.09]"
"['Bi', 119, 'O', 622, 4.656]"
"['Bi', 119, 'O', 623, 2.689]"
"['Bi', 119, 'O', 624, 2.329]"
"['Bi', 119, 'O', 625, 4.615]"
"['Bi', 120, 'Na', 14, 4.984]"
"['Bi', 120, 'Na', 59, 3.946]"
"['Bi', 120, 'Bi', 71, 3.638]"
"['Bi', 120, 'Bi', 120, 0.0]"
"['Bi', 120, 'Bi', 121, 3.767]"
"['Bi', 120, 'Ti', 201, 3.297]"
"['Bi', 120, 'Ti', 206, 3.498]"
"['Bi', 120, 'Ti', 226, 3.34]"
"['Bi', 120, 'Ti', 231, 3.192]"
"['Bi', 120, 'O', 252, 4.304]"
"['Bi', 120, 'O', 267, 4.588]"
"['Bi', 120, 'O', 476, 2.876]"
"['Bi', 120, 'O', 479, 4.489]"
"['Bi', 120, 'O', 493, 3.182]"
"['Bi', 120, 'O', 494, 4.545]"
"['Bi', 120, 'O', 552, 2.361]"
"['Bi', 120, 'O', 553, 4.427]"
"['Bi', 120, 'O', 554, 4.363]"
"['Bi', 120, 'O', 566, 2.285]"
"['Bi', 120, 'O', 567, 3.198]"
"['Bi', 120, 'O', 568, 2.623]"
"['Bi', 120, 'O', 569, 4.448]"
"['Bi', 120, 'O', 583, 4.404]"
"['Bi', 121, 'Na', 14, 3.645]"
"['Bi', 121, 'Na', 57, 3.711]"
"['Bi', 121, 'Na', 60, 3.773]"
"['Bi', 121, 'Bi', 106, 3.894]"
"['Bi', 121, 'Bi', 120, 3.767]"
"['Bi', 121, 'Bi', 121, 0.0]"
"['Bi', 121, 'Bi', 122, 3.806]"
"['Bi', 121, 'Ti', 201, 3.458]"
"['Bi', 121, 'Ti', 202, 3.469]"
"['Bi', 121, 'Ti', 206, 3.765]"
"['Bi', 121, 'Ti', 207, 3.231]"
"['Bi', 121, 'Ti', 226, 3.453]"
"['Bi', 121, 'Ti', 227, 3.303]"
"['Bi', 121, 'Ti', 231, 2.908]"
"['Bi', 121, 'Ti', 232, 3.42]"
"['Bi', 121, 'O', 252, 4.454]"
"['Bi', 121, 'O', 255, 4.424]"
"['Bi', 121, 'O', 267, 4.46]"
"['Bi', 121, 'O', 270, 4.525]"
"['Bi', 121, 'O', 476, 4.708]"
"['Bi', 121, 'O', 477, 4.848]"
"['Bi', 121, 'O', 479, 2.286]"
"['Bi', 121, 'O', 480, 4.529]"
"['Bi', 121, 'O', 481, 4.525]"
"['Bi', 121, 'O', 482, 4.937]"
"['Bi', 121, 'O', 493, 2.998]"
"['Bi', 121, 'O', 494, 2.599]"
"['Bi', 121, 'O', 495, 4.59]"
"['Bi', 121, 'O', 496, 2.519]"
"['Bi', 121, 'O', 497, 4.918]"
"['Bi', 121, 'O', 508, 4.666]"
"['Bi', 121, 'O', 511, 4.807]"
"['Bi', 121, 'O', 552, 2.59]"
"['Bi', 121, 'O', 553, 4.466]"
"['Bi', 121, 'O', 554, 2.288]"
"['Bi', 121, 'O', 555, 2.407]"
"['Bi', 121, 'O', 556, 4.583]"
"['Bi', 121, 'O', 557, 4.747]"
"['Bi', 121, 'O', 566, 4.448]"
"['Bi', 121, 'O', 567, 2.874]"
"['Bi', 121, 'O', 568, 2.343]"
"['Bi', 121, 'O', 569, 2.36]"
"['Bi', 121, 'O', 570, 2.464]"
"['Bi', 121, 'O', 571, 2.644]"
"['Bi', 121, 'O', 572, 4.422]"
"['Bi', 121, 'O', 583, 4.657]"
"['Bi', 121, 'O', 586, 4.566]"
"['Bi', 122, 'Na', 16, 4.975]"
"['Bi', 122, 'Na', 58, 4.037]"
"['Bi', 122, 'Na', 61, 3.501]"
"['Bi', 122, 'Bi', 72, 3.651]"
"['Bi', 122, 'Bi', 107, 3.814]"
"['Bi', 122, 'Bi', 121, 3.806]"
"['Bi', 122, 'Bi', 122, 0.0]"
"['Bi', 122, 'Bi', 123, 4.005]"
"['Bi', 122, 'Ti', 202, 3.468]"
"['Bi', 122, 'Ti', 203, 3.618]"
"['Bi', 122, 'Ti', 207, 3.312]"
"['Bi', 122, 'Ti', 208, 3.405]"
"['Bi', 122, 'Ti', 227, 3.39]"
"['Bi', 122, 'Ti', 228, 3.436]"
"['Bi', 122, 'Ti', 232, 3.312]"
"['Bi', 122, 'Ti', 233, 2.915]"
"['Bi', 122, 'O', 255, 4.516]"
"['Bi', 122, 'O', 258, 4.684]"
"['Bi', 122, 'O', 270, 4.348]"
"['Bi', 122, 'O', 273, 4.519]"
"['Bi', 122, 'O', 479, 4.484]"
"['Bi', 122, 'O', 480, 4.637]"
"['Bi', 122, 'O', 481, 4.969]"
"['Bi', 122, 'O', 482, 3.08]"
"['Bi', 122, 'O', 483, 4.684]"
"['Bi', 122, 'O', 494, 4.585]"
"['Bi', 122, 'O', 495, 4.425]"
"['Bi', 122, 'O', 496, 3.19]"
"['Bi', 122, 'O', 497, 3.192]"
"['Bi', 122, 'O', 498, 4.822]"
"['Bi', 122, 'O', 499, 3.193]"
"['Bi', 122, 'O', 500, 4.719]"
"['Bi', 122, 'O', 511, 4.339]"
"['Bi', 122, 'O', 514, 4.602]"
"['Bi', 122, 'O', 554, 4.525]"
"['Bi', 122, 'O', 555, 2.661]"
"['Bi', 122, 'O', 556, 4.646]"
"['Bi', 122, 'O', 557, 2.586]"
"['Bi', 122, 'O', 558, 3.171]"
"['Bi', 122, 'O', 560, 4.928]"
"['Bi', 122, 'O', 569, 4.345]"
"['Bi', 122, 'O', 570, 2.122]"
"['Bi', 122, 'O', 571, 3.17]"
"['Bi', 122, 'O', 572, 2.013]"
"['Bi', 122, 'O', 573, 2.493]"
"['Bi', 122, 'O', 574, 3.101]"
"['Bi', 122, 'O', 575, 4.487]"
"['Bi', 122, 'O', 586, 4.295]"
"['Bi', 122, 'O', 589, 4.319]"
"['Bi', 123, 'Na', 62, 3.963]"
"['Bi', 123, 'Bi', 73, 3.904]"
"['Bi', 123, 'Bi', 108, 3.985]"
"['Bi', 123, 'Bi', 122, 4.005]"
"['Bi', 123, 'Bi', 123, 0.0]"
"['Bi', 123, 'Bi', 124, 4.115]"
"['Bi', 123, 'Ti', 203, 3.536]"
"['Bi', 123, 'Ti', 204, 3.515]"
"['Bi', 123, 'Ti', 208, 3.795]"
"['Bi', 123, 'Ti', 209, 3.309]"
"['Bi', 123, 'Ti', 228, 3.534]"
"['Bi', 123, 'Ti', 229, 3.391]"
"['Bi', 123, 'Ti', 233, 3.467]"
"['Bi', 123, 'Ti', 234, 3.526]"
"['Bi', 123, 'O', 258, 4.862]"
"['Bi', 123, 'O', 261, 4.986]"
"['Bi', 123, 'O', 273, 4.61]"
"['Bi', 123, 'O', 482, 4.676]"
"['Bi', 123, 'O', 483, 4.487]"
"['Bi', 123, 'O', 485, 3.156]"
"['Bi', 123, 'O', 486, 4.489]"
"['Bi', 123, 'O', 488, 4.745]"
"['Bi', 123, 'O', 498, 4.685]"
"['Bi', 123, 'O', 499, 3.096]"
"['Bi', 123, 'O', 500, 3.078]"
"['Bi', 123, 'O', 501, 4.569]"
"['Bi', 123, 'O', 502, 2.186]"
"['Bi', 123, 'O', 503, 4.574]"
"['Bi', 123, 'O', 517, 4.641]"
"['Bi', 123, 'O', 557, 4.43]"
"['Bi', 123, 'O', 558, 2.258]"
"['Bi', 123, 'O', 560, 3.132]"
"['Bi', 123, 'O', 561, 2.539]"
"['Bi', 123, 'O', 562, 4.6]"
"['Bi', 123, 'O', 563, 4.782]"
"['Bi', 123, 'O', 572, 4.587]"
"['Bi', 123, 'O', 573, 2.668]"
"['Bi', 123, 'O', 574, 2.766]"
"['Bi', 123, 'O', 575, 2.798]"
"['Bi', 123, 'O', 576, 2.79]"
"['Bi', 123, 'O', 577, 2.616]"
"['Bi', 123, 'O', 578, 4.855]"
"['Bi', 123, 'O', 589, 4.747]"
"['Bi', 123, 'O', 592, 4.924]"
"['Bi', 124, 'Na', 50, 3.643]"
"['Bi', 124, 'Bi', 123, 4.115]"
"['Bi', 124, 'Bi', 124, 0.0]"
"['Bi', 124, 'Bi', 125, 4.269]"
"['Bi', 124, 'Ti', 204, 3.796]"
"['Bi', 124, 'Ti', 205, 3.688]"
"['Bi', 124, 'Ti', 209, 3.571]"
"['Bi', 124, 'Ti', 210, 3.284]"
"['Bi', 124, 'Ti', 229, 3.542]"
"['Bi', 124, 'Ti', 230, 3.529]"
"['Bi', 124, 'Ti', 234, 3.5]"
"['Bi', 124, 'Ti', 235, 3.522]"
"['Bi', 124, 'O', 264, 4.479]"
"['Bi', 124, 'O', 276, 4.748]"
"['Bi', 124, 'O', 486, 4.995]"
"['Bi', 124, 'O', 488, 2.744]"
"['Bi', 124, 'O', 489, 4.585]"
"['Bi', 124, 'O', 491, 4.668]"
"['Bi', 124, 'O', 501, 4.887]"
"['Bi', 124, 'O', 502, 3.192]"
"['Bi', 124, 'O', 503, 2.359]"
"['Bi', 124, 'O', 504, 4.489]"
"['Bi', 124, 'O', 505, 2.335]"
"['Bi', 124, 'O', 517, 4.82]"
"['Bi', 124, 'O', 520, 4.564]"
"['Bi', 124, 'O', 551, 4.478]"
"['Bi', 124, 'O', 561, 3.196]"
"['Bi', 124, 'O', 562, 4.643]"
"['Bi', 124, 'O', 563, 2.521]"
"['Bi', 124, 'O', 564, 2.615]"
"['Bi', 124, 'O', 565, 4.488]"
"['Bi', 124, 'O', 576, 3.15]"
"['Bi', 124, 'O', 577, 3.178]"
"['Bi', 124, 'O', 578, 2.524]"
"['Bi', 124, 'O', 579, 2.728]"
"['Bi', 124, 'O', 580, 2.784]"
"['Bi', 124, 'O', 592, 4.74]"
"['Bi', 124, 'O', 595, 4.81]"
"['Bi', 125, 'Na', 62, 4.038]"
"['Bi', 125, 'Na', 66, 3.558]"
"['Bi', 125, 'Bi', 113, 3.75]"
"['Bi', 125, 'Bi', 114, 4.848]"
"['Bi', 125, 'Bi', 124, 4.269]"
"['Bi', 125, 'Bi', 125, 0.0]"
"['Bi', 125, 'Ti', 209, 3.724]"
"['Bi', 125, 'Ti', 210, 3.392]"
"['Bi', 125, 'Ti', 214, 2.907]"
"['Bi', 125, 'Ti', 215, 3.365]"
"['Bi', 125, 'Ti', 234, 3.626]"
"['Bi', 125, 'Ti', 235, 3.794]"
"['Bi', 125, 'Ti', 239, 3.297]"
"['Bi', 125, 'Ti', 240, 3.341]"
"['Bi', 125, 'O', 276, 4.967]"
"['Bi', 125, 'O', 291, 4.705]"
"['Bi', 125, 'O', 294, 4.501]"
"['Bi', 125, 'O', 491, 4.636]"
"['Bi', 125, 'O', 503, 3.188]"
"['Bi', 125, 'O', 504, 4.305]"
"['Bi', 125, 'O', 505, 4.901]"
"['Bi', 125, 'O', 515, 4.51]"
"['Bi', 125, 'O', 516, 4.564]"
"['Bi', 125, 'O', 517, 3.104]"
"['Bi', 125, 'O', 518, 2.324]"
"['Bi', 125, 'O', 519, 4.839]"
"['Bi', 125, 'O', 520, 2.199]"
"['Bi', 125, 'O', 532, 4.299]"
"['Bi', 125, 'O', 535, 4.356]"
"['Bi', 125, 'O', 576, 3.191]"
"['Bi', 125, 'O', 578, 3.137]"
"['Bi', 125, 'O', 579, 2.823]"
"['Bi', 125, 'O', 581, 4.721]"
"['Bi', 125, 'O', 590, 4.477]"
"['Bi', 125, 'O', 591, 2.142]"
"['Bi', 125, 'O', 592, 3.162]"
"['Bi', 125, 'O', 593, 3.076]"
"['Bi', 125, 'O', 594, 2.247]"
"['Bi', 125, 'O', 595, 3.001]"
"['Bi', 125, 'O', 607, 4.482]"
"['Bi', 125, 'O', 610, 4.446]"
